Company Code,Profit Center,Profit Center: Short Text,Document Date,Posting Date,Entry Date,Posting period,Assignment,G/L Account,G/L Account: Short Text,Document Type,Document Number,Company Code Currency Key,Posting Key,Company Code Currency Value,Text,Offsetting Account,User Name,Processed Database Rows
1200,10120007,Al Khor 12 VILLAS,31/01/2025,31/01/2025,29/01/2025,1,PROV-ELECT CA,500049,Provisions,SB,1200004301,QAR,50,"-1,000.00",PROV FOR Electricity (Common Area) JAN 2025,200007,SIRAJ.M,1
1200,10120003,FOXHILL D16 - (AJR3),31/12/2024,31/01/2025,05/02/2025,1,PROV-TELEPHONE,500049,Provisions,SB,1200004346,QAR,40,"2,050.00",Telephone expenses Provision For Month DEC-24 REV,200004,SIRAJ.M,1
1200,10120008,AL BARAHA TOWER,31/01/2025,31/01/2025,29/01/2025,1,PROV-CHILL WAT CA,500049,Provisions,SB,1200004275,QAR,50,"-70,000.00",PROV FOR Chilled Water Common Area JAN 2025,200006,SIRAJ.M,1
1200,10120001,FOXHILL D23 - (AJR1),31/12/2024,31/01/2025,05/02/2025,1,PROV-TELEPHONE,500049,Provisions,SB,1200004332,QAR,40,"1,450.00",Telephone expenses Provision For Month DEC-24 REV,200004,SIRAJ.M,1
1200,10120002,FOXHILL N27 - (AJR2),31/12/2024,31/01/2025,05/02/2025,1,PROV-TELEPHONE,500049,Provisions,SB,1200004341,QAR,40,"2,050.00",Telephone expenses Provision For Month DEC-24 REV,200004,SIRAJ.M,1
1200,10120004,FOXHILL D19 - (AJR4),31/01/2025,31/01/2025,29/01/2025,1,PROV-ELECT CA,500049,Provisions,SB,1200004300,QAR,50,"-4,000.00",PROV FOR Electricity (Common Area) JAN 2025,200007,SIRAJ.M,1
1200,10120003,FOXHILL D16 - (AJR3),31/01/2025,31/01/2025,29/01/2025,1,PROV-CHILL WAT CA,500049,Provisions,SB,1200004264,QAR,50,"-4,500.00",PROV FOR Chilled Water Common Area JAN 2025,200006,SIRAJ.M,1
1200,10120005,AL JASRA TWIN TOWER,31/01/2025,31/01/2025,29/01/2025,1,PROV-Fixed Maint,500049,Provisions,SB,1200004241,QAR,50,"-79,803.00",PROV FOR Fixed maint contract JAN 2025,200009,SIRAJ.M,1
1200,10120003,FOXHILL D16 - (AJR3),31/01/2025,31/01/2025,29/01/2025,1,PROV-Fixed Maint,500049,Provisions,SB,1200004239,QAR,50,"-21,975.00",PROV FOR Fixed maint contract JAN 2025,200009,SIRAJ.M,1
1200,10120004,FOXHILL D19 - (AJR4),31/12/2024,31/01/2025,05/02/2025,1,PROV-TELEPHONE,500049,Provisions,SB,1200004353,QAR,40,"2,050.00",Telephone expenses Provision For Month DEC-24 REV,200004,SIRAJ.M,1
1200,10120002,FOXHILL N27 - (AJR2),31/01/2025,31/01/2025,29/01/2025,1,PROV-CHILL WAT CA,500049,Provisions,SB,1200004263,QAR,50,"-5,000.00",PROV FOR Chilled Water Common Area JAN 2025,200006,SIRAJ.M,1
1200,10120008,AL BARAHA TOWER,31/12/2024,31/01/2025,05/02/2025,1,PROV-TELEPHONE,500049,Provisions,SB,1200004355,QAR,40,"3,350.00",Telephone expenses Provision For Month DEC-24-REV,200004,AKRAM.J,1
1200,10120005,AL JASRA TWIN TOWER,31/01/2025,31/01/2025,29/01/2025,1,PROV-CHILL WAT CA,500049,Provisions,SB,1200004271,QAR,50,"-161,000.00",PROV FOR Chilled Water Common Area JAN 2025,200006,SIRAJ.M,1
1200,10120001,FOXHILL D23 - (AJR1),31/01/2025,31/01/2025,29/01/2025,1,PROV-TELEPHONE,500049,Provisions,SB,1200004237,QAR,50,"-1,100.00",PROV FOR Telephone Expenses JAN 2025,200004,SIRAJ.M,1
1200,10120007,Al Khor 12 VILLAS,31/01/2025,31/01/2025,29/01/2025,1,PROV-Fixed Maint,500049,Provisions,SB,1200004242,QAR,50,"-9,867.00",PROV FOR Fixed maint contract JAN 2025,200009,SIRAJ.M,1
1200,10120001,FOXHILL D23 - (AJR1),31/01/2025,31/01/2025,29/01/2025,1,PROV-CHILL WAT CA,500049,Provisions,SB,1200004258,QAR,50,"-8,000.00",PROV FOR Chilled Water Common Area JAN 2025,200006,SIRAJ.M,1
1200,10120002,FOXHILL N27 - (AJR2),31/01/2025,31/01/2025,29/01/2025,1,PROV-TELEPHONE,500049,Provisions,SB,1200004270,QAR,50,"-1,100.00",PROV FOR Telephone Expenses JAN 2025,200004,SIRAJ.M,1
1200,10120010,AL SHAREEF HQ - F07,31/01/2025,31/01/2025,29/01/2025,1,PROV-ELECT CA,500049,Provisions,SB,1200004303,QAR,50,"-14,800.00",PROV FOR Electricity (Common Area) JAN 2025,200007,SIRAJ.M,1
1200,10120004,FOXHILL D19 - (AJR4),31/01/2025,31/01/2025,29/01/2025,1,PROV-Fixed Maint,500049,Provisions,SB,1200004240,QAR,50,"-21,975.00",PROV FOR Fixed maint contract JAN 2025,200009,SIRAJ.M,1
1200,10120002,FOXHILL N27 - (AJR2),31/01/2025,31/01/2025,29/01/2025,1,PROV-ELECT CA,500049,Provisions,SB,1200004298,QAR,50,"-14,200.00",PROV FOR Electricity (Common Area) JAN 2025,200007,SIRAJ.M,1
1200,10120010,AL SHAREEF HQ - F07,31/01/2025,31/01/2025,29/01/2025,1,PROV-TELEPHONE,500049,Provisions,SB,1200004324,QAR,50,"-47,000.00",PROV FOR Telephone Expenses JAN 2025,200004,SIRAJ.M,1
1200,10120002,FOXHILL N27 - (AJR2),31/01/2025,31/01/2025,29/01/2025,1,PROV-Fixed Maint,500049,Provisions,SB,1200004238,QAR,50,"-22,304.00",PROV FOR Fixed maint contract JAN 2025,200009,SIRAJ.M,1
1200,10120003,FOXHILL D16 - (AJR3),31/01/2025,31/01/2025,29/01/2025,1,PROV-ELECT CA,500049,Provisions,SB,1200004299,QAR,50,"-17,000.00",PROV FOR Electricity (Common Area) JAN 2025,200007,SIRAJ.M,1
1200,10120010,AL SHAREEF HQ - F07,31/01/2025,31/01/2025,05/02/2025,1,PROV-TELEPHONE,500049,Provisions,SB,1200004347,QAR,40,"47,000.00",PROV FOR Telephone Expenses DEC 2024 prior,200004,HUSAIN.M,1
1200,10120004,FOXHILL D19 - (AJR4),31/01/2025,31/01/2025,29/01/2025,1,PROV-CHILL WAT CA,500049,Provisions,SB,1200004266,QAR,50,"-4,800.00",PROV FOR Chilled Water Common Area JAN 2025,200006,SIRAJ.M,1
1200,10120010,AL SHAREEF HQ - F07,31/01/2025,31/01/2025,29/01/2025,1,PROV-CHILL WAT CA,500049,Provisions,SB,1200004282,QAR,50,"-32,000.00",PROV FOR Chilled Water Common Area JAN 2025,200006,SIRAJ.M,1
1200,10120001,FOXHILL D23 - (AJR1),31/01/2025,31/01/2025,29/01/2025,1,PROV-Fixed Maint,500049,Provisions,SB,1200004330,QAR,50,"-22,304.00",PROV FOR Fixed maint contract JAN 2025,200009,SIRAJ.M,1
1200,10120005,AL JASRA TWIN TOWER,31/01/2025,31/01/2025,29/01/2025,1,PROV-TELEPHONE,500049,Provisions,SB,1200004310,QAR,50,-150.00,PROV FOR Telephone Expenses JAN 2025,200004,SIRAJ.M,1
1200,10120004,FOXHILL D19 - (AJR4),31/01/2025,31/01/2025,29/01/2025,1,PROV-TELEPHONE,500049,Provisions,SB,1200004305,QAR,50,"-1,400.00",PROV FOR Telephone Expenses JAN 2025,200004,SIRAJ.M,1
1200,10120007,Al Khor 12 VILLAS,07/01/2025,07/01/2025,07/01/2025,1,Provision Reversal,500049,Provisions,SB,1200003867,QAR,40,"3,100.00",Electricity (CA) Provi Reversal for DEC 24 - 12 Vi,200007,SUJITH.S,1
1200,10120008,AL BARAHA TOWER,31/01/2025,31/01/2025,29/01/2025,1,PROV-ELECT CA,500049,Provisions,SB,1200004302,QAR,50,"-70,000.00",PROV FOR Electricity (Common Area) JAN 2025,200007,SIRAJ.M,1
1200,10120005,AL JASRA TWIN TOWER,31/01/2025,31/01/2025,05/02/2025,1,PROV-TELEPHONE,500049,Provisions,SB,1200004340,QAR,40,150.00,PROV FOR Telephone Expenses JAN 2025-REV,200004,AKRAM.J,1
1200,10120010,AL SHAREEF HQ - F07,31/01/2025,31/01/2025,29/01/2025,1,PROV-Fixed Maint,500049,Provisions,SB,1200004244,QAR,50,"-53,615.00",PROV FOR Fixed maint contract JAN 2025,200009,SIRAJ.M,1
1200,10120003,FOXHILL D16 - (AJR3),31/01/2025,31/01/2025,29/01/2025,1,PROV-TELEPHONE,500049,Provisions,SB,1200004296,QAR,50,"-1,050.00",PROV FOR Telephone Expenses JAN 2025,200004,SIRAJ.M,1
1200,10120008,AL BARAHA TOWER,31/01/2025,31/01/2025,29/01/2025,1,PROV-Fixed Maint,500049,Provisions,SB,1200004243,QAR,50,"-66,612.00",PROV FOR Fixed maint contract JAN 2025,200009,SIRAJ.M,1
1200,10120001,FOXHILL D23 - (AJR1),31/01/2025,31/01/2025,29/01/2025,1,PROV-ELECT CA,500049,Provisions,SB,1200004297,QAR,50,"-14,000.00",PROV FOR Electricity (Common Area) JAN 2025,200007,SIRAJ.M,1
1200,10120008,AL BARAHA TOWER,31/01/2025,31/01/2025,29/01/2025,1,PROV-TELEPHONE,500049,Provisions,SB,1200004314,QAR,50,"-3,400.00",PROV FOR Telephone Expenses JAN 2025,200004,SIRAJ.M,1
1200,10120005,AL JASRA TWIN TOWER,31/01/2025,28/02/2025,10/03/2025,2,PROV-CHILL WAT CA,500049,Provisions,SB,1200004473,QAR,40,"161,000.00",PROV FOR Chilled Water Common Area JAN 2025,200006,HUSAIN.M,1
1200,10120008,AL BARAHA TOWER,28/02/2025,28/02/2025,05/03/2025,2,PROV-TELEPHONE,500049,Provisions,SB,1200004452,QAR,50,"-3,400.00",PROV FOR Telephone Expenses FEB 2025,200004,SIRAJ.M,1
1200,10120002,FOXHILL N27 - (AJR2),28/02/2025,28/02/2025,05/03/2025,2,PROV-TELEPHONE,500049,Provisions,SB,1200004408,QAR,50,"-1,100.00",PROV FOR Telephone Expenses FEB 2025,200004,SIRAJ.M,1
1200,10120004,FOXHILL D19 - (AJR4),28/02/2025,28/02/2025,05/03/2025,2,PROV-Fixed Maint,500049,Provisions,SB,1200004378,QAR,50,"-21,975.00",PROV FOR Fixed maint contract FEB 2025,200009,SIRAJ.M,1
1200,10120007,Al Khor 12 VILLAS,31/12/2024,28/02/2025,10/03/2025,2,PROV-FIXED MAINTEN,500049,Provisions,SB,1200004527,QAR,40,"11,947.33",Fixed maint contract Provision For Month DEC24-REV,200009,AKRAM.J,1
1200,10120007,Al Khor 12 VILLAS,31/08/2024,28/02/2025,10/03/2025,2,PROV-FIXED MAINTEN,500049,Provisions,SB,1200004528,QAR,40,"11,947.33",Fixed maint contract Provision Month AUG-24-REV,200009,AKRAM.J,1
1200,10120010,AL SHAREEF HQ - F07,28/02/2025,28/02/2025,05/03/2025,2,PROV-CHILL WAT CA,500049,Provisions,SB,1200004420,QAR,50,"-32,000.00",PROV FOR Chilled Water Common Area FEB 2025,200006,SIRAJ.M,1
1200,10120010,AL SHAREEF HQ - F07,28/02/2025,28/02/2025,05/03/2025,2,PROV-TELEPHONE,500049,Provisions,SB,1200004462,QAR,50,"-47,000.00",PROV FOR Telephone Expenses FEB 2025,200004,SIRAJ.M,1
1200,10120003,FOXHILL D16 - (AJR3),31/12/2024,28/02/2025,10/03/2025,2,PROV-FIXED MAINTEN,500049,Provisions,SB,1200004480,QAR,40,"20,480.60",Fixed maint contract Provision For MonthDEC-24-REV,200009,AKRAM.J,1
1200,10120004,FOXHILL D19 - (AJR4),28/02/2025,28/02/2025,05/03/2025,2,PROV-CHILL WAT CA,500049,Provisions,SB,1200004404,QAR,50,"-4,800.00",PROV FOR Chilled Water Common Area FEB 2025,200006,SIRAJ.M,1
1200,10120007,Al Khor 12 VILLAS,09/02/2025,09/02/2025,09/02/2025,2,Provision Reversal,500049,Provisions,SB,1200004359,QAR,40,"1,000.00",Electricity (CA) Provision Reversal - JAN 2025,200007,SUJITH.S,1
1200,10120008,AL BARAHA TOWER,13/02/2025,13/02/2025,13/02/2025,2,Provision Reversal,500049,Provisions,SB,1200004364,QAR,40,"75,000.00",Chilled water cost - Provision Revrsl for JAN 2025,200006,SUJITH.S,2
1200,10120005,AL JASRA TWIN TOWER,31/12/2024,28/02/2025,10/03/2025,2,PROV-Fixed Maint,500049,Provisions,SB,1200004483,QAR,40,"88,898.00",PROV FOR Fixed maint contract DEC 2024,200009,HUSAIN.M,1
1200,10120003,FOXHILL D16 - (AJR3),28/02/2025,28/02/2025,05/03/2025,2,PROV-Fixed Maint,500049,Provisions,SB,1200004377,QAR,50,"-21,975.00",PROV FOR Fixed maint contract FEB 2025,200009,SIRAJ.M,1
1200,10120010,AL SHAREEF HQ - F07,13/02/2025,13/02/2025,13/02/2025,2,Provision Reversal,500049,Provisions,SB,1200004365,QAR,40,"32,000.00",Chilled water cost - Provision Revrsl for JAN 2025,200006,SUJITH.S,1
1200,10120010,AL SHAREEF HQ - F07,28/02/2025,28/02/2025,05/03/2025,2,PROV-Fixed Maint,500049,Provisions,SB,1200004382,QAR,50,"-53,615.00",PROV FOR Fixed maint contract FEB 2025,200009,SIRAJ.M,1
1200,10120002,FOXHILL N27 - (AJR2),31/01/2025,28/02/2025,10/03/2025,2,PROV-CHILL WAT CA,500049,Provisions,SB,1200004516,QAR,40,"5,000.00",PROV FOR Chilled Water Common Area JAN 2025-REV,200006,AKRAM.J,1
1200,10120007,Al Khor 12 VILLAS,28/02/2025,28/02/2025,05/03/2025,2,PROV-Fixed Maint,500049,Provisions,SB,1200004380,QAR,50,"-9,867.00",PROV FOR Fixed maint contract FEB 2025,200009,SIRAJ.M,1
1200,10120002,FOXHILL N27 - (AJR2),31/01/2025,28/02/2025,10/03/2025,2,PROV-ELECT CA,500049,Provisions,SB,1200004518,QAR,40,"14,200.00",PROV FOR Electricity (Common Area) JAN 2025-REV,200007,AKRAM.J,1
1200,10120002,FOXHILL N27 - (AJR2),31/12/2024,28/02/2025,10/03/2025,2,PROV-FIXED MAINTEN,500049,Provisions,SB,1200004520,QAR,40,"27,307.47",Fixed maint contract Provision For MonthDEC-24-REV,200009,AKRAM.J,1
1200,10120007,Al Khor 12 VILLAS,28/02/2025,28/02/2025,05/03/2025,2,PROV-ELECT CA,500049,Provisions,SB,1200004439,QAR,50,"-1,000.00",PROV FOR Electricity (Common Area) FEB 2025,200007,SIRAJ.M,1
1200,10120008,AL BARAHA TOWER,28/02/2025,28/02/2025,05/03/2025,2,PROV-Fixed Maint,500049,Provisions,SB,1200004381,QAR,50,"-66,612.00",PROV FOR Fixed maint contract FEB 2025,200009,SIRAJ.M,1
1200,10120004,FOXHILL D19 - (AJR4),28/02/2025,28/02/2025,05/03/2025,2,PROV-ELECT CA,500049,Provisions,SB,1200004438,QAR,50,"-4,000.00",PROV FOR Electricity (Common Area) FEB 2025,200007,SIRAJ.M,1
1200,10120005,AL JASRA TWIN TOWER,28/02/2025,28/02/2025,10/03/2025,2,PROV-TELEPHONE,500049,Provisions,SB,1200004486,QAR,40,150.00,PROV FOR Telephone Expenses FEB 2025,200004,HUSAIN.M,1
1200,10120008,AL BARAHA TOWER,31/12/2024,28/02/2025,10/03/2025,2,PROV-Fixed Maint,500049,Provisions,SB,1200004489,QAR,40,"76,051.00",PROV FOR Fixed maint contract DEC 2024,200009,HUSAIN.M,1
1200,10120001,FOXHILL D23 - (AJR1),31/12/2024,28/02/2025,10/03/2025,2,PROV-FIXED MAINTEN,500049,Provisions,SB,1200004506,QAR,40,"22,756.22",Fixed maint contract Provision For MonthDEC-24-REV,200009,AKRAM.J,1
1200,10120003,FOXHILL D16 - (AJR3),31/01/2025,28/02/2025,10/03/2025,2,PROV-ELECT CA,500049,Provisions,SB,1200004478,QAR,40,"17,000.00",PROV FOR Electricity (Common Area) JAN 2025-REV,200007,AKRAM.J,1
1200,10120001,FOXHILL D23 - (AJR1),28/02/2025,28/02/2025,05/03/2025,2,PROV-Fixed Maint,500049,Provisions,SB,1200004468,QAR,50,"-22,304.00",PROV FOR Fixed maint contract FEB 2025,200009,SIRAJ.M,1
1200,10120004,FOXHILL D19 - (AJR4),31/12/2024,28/02/2025,10/03/2025,2,PROV-FIXED MAINTEN,500049,Provisions,SB,1200004500,QAR,40,"15,000.00",Fixed maint contract Provision For MonthDEC-24-REV,200009,AKRAM.J,1
1200,10120001,FOXHILL D23 - (AJR1),31/01/2025,28/02/2025,10/03/2025,2,PROV-CHILL WAT CA,500049,Provisions,SB,1200004503,QAR,40,"8,000.00",PROV FOR Chilled Water Common Area JAN 2025-REV,200006,AKRAM.J,1
1200,10120004,FOXHILL D19 - (AJR4),31/01/2025,28/02/2025,10/03/2025,2,PROV-ELECT CA,500049,Provisions,SB,1200004497,QAR,40,"4,000.00",PROV FOR Electricity (Common Area) JAN 2025-REV,200007,AKRAM.J,1
1200,10120001,FOXHILL D23 - (AJR1),28/02/2025,28/02/2025,05/03/2025,2,PROV-CHILL WAT CA,500049,Provisions,SB,1200004396,QAR,50,"-8,000.00",PROV FOR Chilled Water Common Area FEB 2025,200006,SIRAJ.M,1
1200,10120002,FOXHILL N27 - (AJR2),28/02/2025,28/02/2025,05/03/2025,2,PROV-Fixed Maint,500049,Provisions,SB,1200004376,QAR,50,"-22,304.00",PROV FOR Fixed maint contract FEB 2025,200009,SIRAJ.M,1
1200,10120008,AL BARAHA TOWER,28/02/2025,28/02/2025,05/03/2025,2,PROV-CHILL WAT CA,500049,Provisions,SB,1200004413,QAR,50,"-70,000.00",PROV FOR Chilled Water Common Area FEB 2025,200006,SIRAJ.M,1
1200,10120010,AL SHAREEF HQ - F07,31/12/2024,28/02/2025,10/03/2025,2,PROV-Fixed Maint,500049,Provisions,SB,1200004509,QAR,40,"54,147.00",PROV FOR Fixed maint contract DEC 2024,200009,HUSAIN.M,1
1200,10120003,FOXHILL D16 - (AJR3),28/02/2025,28/02/2025,05/03/2025,2,PROV-TELEPHONE,500049,Provisions,SB,1200004434,QAR,50,"-1,050.00",PROV FOR Telephone Expenses FEB 2025,200004,SIRAJ.M,1
1200,10120005,AL JASRA TWIN TOWER,28/02/2025,28/02/2025,05/03/2025,2,PROV-TELEPHONE,500049,Provisions,SB,1200004448,QAR,50,-150.00,PROV FOR Telephone Expenses FEB 2025,200004,SIRAJ.M,1
1200,10120003,FOXHILL D16 - (AJR3),28/02/2025,28/02/2025,05/03/2025,2,PROV-CHILL WAT CA,500049,Provisions,SB,1200004402,QAR,50,"-4,500.00",PROV FOR Chilled Water Common Area FEB 2025,200006,SIRAJ.M,1
1200,10120002,FOXHILL N27 - (AJR2),28/02/2025,28/02/2025,05/03/2025,2,PROV-CHILL WAT CA,500049,Provisions,SB,1200004401,QAR,50,"-5,000.00",PROV FOR Chilled Water Common Area FEB 2025,200006,SIRAJ.M,1
1200,10120001,FOXHILL D23 - (AJR1),28/02/2025,28/02/2025,05/03/2025,2,PROV-ELECT CA,500049,Provisions,SB,1200004435,QAR,50,"-14,000.00",PROV FOR Electricity (Common Area) FEB 2025,200007,SIRAJ.M,1
1200,10120008,AL BARAHA TOWER,28/02/2025,28/02/2025,05/03/2025,2,PROV-ELECT CA,500049,Provisions,SB,1200004440,QAR,50,"-70,000.00",PROV FOR Electricity (Common Area) FEB 2025,200007,SIRAJ.M,1
1200,10120010,AL SHAREEF HQ - F07,13/02/2025,13/02/2025,13/02/2025,2,Provision Reversal,500049,Provisions,SB,1200004361,QAR,40,"14,800.00",Electricity Charges - Provision Revrsl  - JAN 2025,200007,SUJITH.S,1
1200,10120008,AL BARAHA TOWER,13/02/2025,13/02/2025,13/02/2025,2,Provision Reversal,500049,Provisions,SB,1200004362,QAR,40,"75,000.00",Electricity Charges - Provision Revrsl  - JAN 2025,200007,SUJITH.S,2
1200,10120001,FOXHILL D23 - (AJR1),28/02/2025,28/02/2025,05/03/2025,2,PROV-TELEPHONE,500049,Provisions,SB,1200004375,QAR,50,"-1,100.00",PROV FOR Telephone Expenses FEB 2025,200004,SIRAJ.M,1
1200,10120001,FOXHILL D23 - (AJR1),13/02/2025,13/02/2025,13/02/2025,2,Provision Reversal,500049,Provisions,SB,1200004363,QAR,40,"14,000.00",Electricity Charges - Provision Revrsl  - JAN 2025,200007,SUJITH.S,1
1200,10120004,FOXHILL D19 - (AJR4),31/12/2024,28/02/2025,10/03/2025,2,PROV-FIXED MAINTEN,500049,Provisions,SB,1200004499,QAR,40,"5,501.53",Fixed maint contract Provision For MonthDEC-24-REV,200009,AKRAM.J,1
1200,10120005,AL JASRA TWIN TOWER,28/02/2025,28/02/2025,05/03/2025,2,PROV-CHILL WAT CA,500049,Provisions,SB,1200004409,QAR,50,"-161,000.00",PROV FOR Chilled Water Common Area FEB 2025,200006,SIRAJ.M,1
1200,10120008,AL BARAHA TOWER,13/02/2025,13/02/2025,12/03/2025,2,Provision Reversal,500049,Provisions,SB,1200004531,QAR,50,"-75,000.00",Electricity Charges - Provision Revrsl  - JAN 2025,200007,HUSAIN.M,2
1200,10120004,FOXHILL D19 - (AJR4),28/02/2025,28/02/2025,05/03/2025,2,PROV-TELEPHONE,500049,Provisions,SB,1200004443,QAR,50,"-1,400.00",PROV FOR Telephone Expenses FEB 2025,200004,SIRAJ.M,1
1200,10120003,FOXHILL D16 - (AJR3),31/01/2025,28/02/2025,10/03/2025,2,PROV-CHILL WAT CA,500049,Provisions,SB,1200004476,QAR,40,"4,500.00",PROV FOR Chilled Water Common Area JAN 2025-REV,200006,AKRAM.J,1
1200,10120001,FOXHILL D23 - (AJR1),13/02/2025,13/02/2025,13/02/2025,2,Provision Reversal,500049,Provisions,SB,1200004366,QAR,40,"30,000.00",Chilled water - Provi Revrsl - JUL 24 to DEC 24,200006,SUJITH.S,1
1200,10120004,FOXHILL D19 - (AJR4),31/01/2025,28/02/2025,10/03/2025,2,PROV-CHILL WAT CA,500049,Provisions,SB,1200004495,QAR,40,"4,800.00",PROV FOR Chilled Water Common Area JAN 2025-REV,200006,AKRAM.J,1
1200,10120005,AL JASRA TWIN TOWER,28/02/2025,28/02/2025,05/03/2025,2,PROV-Fixed Maint,500049,Provisions,SB,1200004379,QAR,50,"-79,803.00",PROV FOR Fixed maint contract FEB 2025,200009,SIRAJ.M,1
1200,10120002,FOXHILL N27 - (AJR2),28/02/2025,28/02/2025,05/03/2025,2,PROV-ELECT CA,500049,Provisions,SB,1200004436,QAR,50,"-14,200.00",PROV FOR Electricity (Common Area) FEB 2025,200007,SIRAJ.M,1
1200,10120003,FOXHILL D16 - (AJR3),28/02/2025,28/02/2025,05/03/2025,2,PROV-ELECT CA,500049,Provisions,SB,1200004437,QAR,50,"-17,000.00",PROV FOR Electricity (Common Area) FEB 2025,200007,SIRAJ.M,1
1200,10120010,AL SHAREEF HQ - F07,28/02/2025,28/02/2025,05/03/2025,2,PROV-ELECT CA,500049,Provisions,SB,1200004441,QAR,50,"-14,800.00",PROV FOR Electricity (Common Area) FEB 2025,200007,SIRAJ.M,1
1200,10120010,AL SHAREEF HQ - F07,12/03/2025,12/03/2025,12/03/2025,3,Provision Reversal,500049,Provisions,SB,1200004533,QAR,40,"14,800.00",Electricity Charges - Provision Revrsl  - FEB 2025,200007,SUJITH.S,1
1200,10120001,FOXHILL D23 - (AJR1),24/03/2025,24/03/2025,24/03/2025,3,Provision Reversal,500049,Provisions,SB,1200004547,QAR,40,"8,000.00",Cooling Charges - Provision Reversal for FEB 2025,200006,SUJITH.S,1
1200,10120005,AL JASRA TWIN TOWER,31/03/2025,31/03/2025,03/04/2025,3,PROV-Fixed Maint,500049,Provisions,SB,1200004555,QAR,50,"-79,803.00",PROV FOR Fixed maint contract MAR 2025,200009,SIRAJ.M,1
1200,10120010,AL SHAREEF HQ - F07,31/01/2025,31/03/2025,08/04/2025,3,PROV-TELEPHONE,500049,Provisions,SB,1200004694,QAR,40,"47,000.00",PROV FOR Telephone Expenses JAN 2025-REV,200004,AKRAM.J,1
1200,10120005,AL JASRA TWIN TOWER,31/03/2025,31/03/2025,08/04/2025,3,PROV-TELEPHONE,500049,Provisions,SB,1200004675,QAR,40,150.00,PROV FOR Telephone Expenses MAR 2025- REV,200004,AKRAM.J,1
1200,10120008,AL BARAHA TOWER,19/03/2025,19/03/2025,19/03/2025,3,Provision Reversal,500049,Provisions,SB,1200004538,QAR,40,"70,000.00",Electricity Charge - Provision Reversal - FEB 2025,200007,SUJITH.S,1
1200,10120003,FOXHILL D16 - (AJR3),19/03/2025,19/03/2025,19/03/2025,3,Provision Reversal,500049,Provisions,SB,1200004539,QAR,40,"22,000.00",Electricity Charge - Provision Reversal - FEB 2025,200007,SUJITH.S,2
1200,10120004,FOXHILL D19 - (AJR4),31/03/2025,31/03/2025,03/04/2025,3,PROV-Fixed Maint,500049,Provisions,SB,1200004554,QAR,50,"-21,975.00",PROV FOR Fixed maint contract MAR 2025,200009,SIRAJ.M,1
1200,10120008,AL BARAHA TOWER,28/02/2025,31/03/2025,08/04/2025,3,PROV-TELEPHONE,500049,Provisions,SB,1200004687,QAR,40,"3,400.00",PROV FOR Telephone Expenses FEB 2025-REV,200004,AKRAM.J,1
1200,10120002,FOXHILL N27 - (AJR2),31/03/2025,31/03/2025,03/04/2025,3,PROV-CHILL WAT CA,500049,Provisions,SB,1200004577,QAR,50,"-5,000.00",PROV FOR Chilled Water Common Area MAR 2025,200006,SIRAJ.M,1
1200,10120004,FOXHILL D19 - (AJR4),31/01/2025,31/03/2025,08/04/2025,3,PROV-TELEPHONE,500049,Provisions,SB,1200004658,QAR,40,"1,400.00",PROV FOR Telephone Expenses JAN 2025-REV,200004,AKRAM.J,1
1200,10120010,AL SHAREEF HQ - F07,31/03/2025,31/03/2025,03/04/2025,3,PROV-Fixed Maint,500049,Provisions,SB,1200004558,QAR,50,"-53,615.00",PROV FOR Fixed maint contract MAR 2025,200009,SIRAJ.M,1
1200,10120008,AL BARAHA TOWER,31/03/2025,31/03/2025,03/04/2025,3,PROV-ELECT CA,500049,Provisions,SB,1200004616,QAR,50,"-70,000.00",PROV FOR Electricity (Common Area) MAR 2025,200007,SIRAJ.M,1
1200,10120002,FOXHILL N27 - (AJR2),28/02/2025,31/03/2025,08/04/2025,3,PROV-TELEPHONE,500049,Provisions,SB,1200004670,QAR,40,"1,100.00",PROV FOR Telephone Expenses FEB 2025-REV,200004,AKRAM.J,1
1200,10120003,FOXHILL D16 - (AJR3),31/03/2025,31/03/2025,03/04/2025,3,PROV-ELECT CA,500049,Provisions,SB,1200004613,QAR,50,"-17,000.00",PROV FOR Electricity (Common Area) MAR 2025,200007,SIRAJ.M,1
1200,10120002,FOXHILL N27 - (AJR2),31/03/2025,31/03/2025,03/04/2025,3,PROV-TELEPHONE,500049,Provisions,SB,1200004584,QAR,50,"-1,100.00",PROV FOR Telephone Expenses MAR 2025,200004,SIRAJ.M,1
1200,10120002,FOXHILL N27 - (AJR2),31/01/2025,31/03/2025,08/04/2025,3,PROV-TELEPHONE,500049,Provisions,SB,1200004669,QAR,40,"1,100.00",PROV FOR Telephone Expenses JAN 2025-REV,200004,AKRAM.J,1
1200,10120010,AL SHAREEF HQ - F07,13/03/2025,13/03/2025,13/03/2025,3,Provision Reversal,500049,Provisions,SB,1200004534,QAR,40,"32,000.00",Chilled water cost - Provision Revrsl for FEB 2025,200006,SUJITH.S,1
1200,10120004,FOXHILL D19 - (AJR4),31/03/2025,31/03/2025,03/04/2025,3,PROV-CHILL WAT CA,500049,Provisions,SB,1200004580,QAR,50,"-4,800.00",PROV FOR Chilled Water Common Area MAR 2025,200006,SIRAJ.M,1
1200,10120001,FOXHILL D23 - (AJR1),31/01/2025,31/03/2025,08/04/2025,3,PROV-TELEPHONE,500049,Provisions,SB,1200004662,QAR,40,"1,100.00",PROV FOR Telephone Expenses JAN 2025-REV,200004,AKRAM.J,1
1200,10120007,Al Khor 12 VILLAS,31/03/2025,31/03/2025,03/04/2025,3,PROV-Fixed Maint,500049,Provisions,SB,1200004556,QAR,50,"-9,867.00",PROV FOR Fixed maint contract MAR 2025,200009,SIRAJ.M,1
1200,10120002,FOXHILL N27 - (AJR2),19/03/2025,19/03/2025,19/03/2025,3,Provision Reversal,500049,Provisions,SB,1200004540,QAR,40,"19,400.00",Electricity Charge - Provision Reversal - FEB 2025,200007,SUJITH.S,2
1200,10120001,FOXHILL D23 - (AJR1),31/03/2025,31/03/2025,03/04/2025,3,PROV-ELECT CA,500049,Provisions,SB,1200004611,QAR,50,"-14,000.00",PROV FOR Electricity (Common Area) MAR 2025,200007,SIRAJ.M,1
1200,10120010,AL SHAREEF HQ - F07,31/03/2025,31/03/2025,03/04/2025,3,PROV-CHILL WAT CA,500049,Provisions,SB,1200004596,QAR,50,"-32,000.00",PROV FOR Chilled Water Common Area MAR 2025,200006,SIRAJ.M,1
1200,10120004,FOXHILL D19 - (AJR4),31/03/2025,31/03/2025,03/04/2025,3,PROV-ELECT CA,500049,Provisions,SB,1200004614,QAR,50,"-4,000.00",PROV FOR Electricity (Common Area) MAR 2025,200007,SIRAJ.M,1
1200,10120003,FOXHILL D16 - (AJR3),31/03/2025,31/03/2025,03/04/2025,3,PROV-TELEPHONE,500049,Provisions,SB,1200004610,QAR,50,"-1,050.00",PROV FOR Telephone Expenses MAR 2025,200004,SIRAJ.M,1
1200,10120002,FOXHILL N27 - (AJR2),31/03/2025,31/03/2025,03/04/2025,3,PROV-ELECT CA,500049,Provisions,SB,1200004612,QAR,50,"-14,200.00",PROV FOR Electricity (Common Area) MAR 2025,200007,SIRAJ.M,1
1200,10120007,Al Khor 12 VILLAS,11/03/2025,11/03/2025,11/03/2025,3,Provision Reversal,500049,Provisions,SB,1200004530,QAR,40,"1,000.00",Electricity (CA) Provision Reversal - FEB 2025,200007,SUJITH.S,1
1200,10120010,AL SHAREEF HQ - F07,31/03/2025,31/03/2025,03/04/2025,3,PROV-ELECT CA,500049,Provisions,SB,1200004617,QAR,50,"-14,800.00",PROV FOR Electricity (Common Area) MAR 2025,200007,SIRAJ.M,1
1200,10120003,FOXHILL D16 - (AJR3),31/03/2025,31/03/2025,03/04/2025,3,PROV-CHILL WAT CA,500049,Provisions,SB,1200004578,QAR,50,"-4,500.00",PROV FOR Chilled Water Common Area MAR 2025,200006,SIRAJ.M,1
1200,10120008,AL BARAHA TOWER,13/03/2025,13/03/2025,13/03/2025,3,Provision Reversal,500049,Provisions,SB,1200004535,QAR,40,"75,000.00",Chilled water cost - Provision Revrsl for FEB 2025,200006,SUJITH.S,2
1200,10120001,FOXHILL D23 - (AJR1),28/02/2025,31/03/2025,08/04/2025,3,PROV-TELEPHONE,500049,Provisions,SB,1200004663,QAR,40,"1,100.00",PROV FOR Telephone Expenses FEB 2025-REV,200004,AKRAM.J,1
1200,10120010,AL SHAREEF HQ - F07,31/03/2025,31/03/2025,03/04/2025,3,PROV-TELEPHONE,500049,Provisions,SB,1200004638,QAR,50,"-47,000.00",PROV FOR Telephone Expenses MAR 2025,200004,SIRAJ.M,1
1200,10120003,FOXHILL D16 - (AJR3),31/01/2025,31/03/2025,08/04/2025,3,PROV-TELEPHONE,500049,Provisions,SB,1200004653,QAR,40,"1,050.00",PROV FOR Telephone Expenses JAN 2025-REV,200004,AKRAM.J,1
1200,10120001,FOXHILL D23 - (AJR1),19/03/2025,19/03/2025,19/03/2025,3,Provision Reversal,500049,Provisions,SB,1200004542,QAR,40,"14,000.00",Electricity Charges - Provision Revrsl  - FEB 2025,200007,SUJITH.S,1
1200,10120001,FOXHILL D23 - (AJR1),31/03/2025,31/03/2025,03/04/2025,3,PROV-TELEPHONE,500049,Provisions,SB,1200004551,QAR,50,"-1,100.00",PROV FOR Telephone Expenses MAR 2025,200004,SIRAJ.M,1
1200,10120005,AL JASRA TWIN TOWER,31/03/2025,31/03/2025,03/04/2025,3,PROV-TELEPHONE,500049,Provisions,SB,1200004624,QAR,50,-150.00,PROV FOR Telephone Expenses MAR 2025,200004,SIRAJ.M,1
1200,10120007,Al Khor 12 VILLAS,31/03/2025,31/03/2025,03/04/2025,3,PROV-ELECT CA,500049,Provisions,SB,1200004615,QAR,50,"-1,000.00",PROV FOR Electricity (Common Area) MAR 2025,200007,SIRAJ.M,1
1200,10120001,FOXHILL D23 - (AJR1),31/03/2025,31/03/2025,03/04/2025,3,PROV-CHILL WAT CA,500049,Provisions,SB,1200004572,QAR,50,"-8,000.00",PROV FOR Chilled Water Common Area MAR 2025,200006,SIRAJ.M,1
1200,10120005,AL JASRA TWIN TOWER,17/03/2025,17/03/2025,17/03/2025,3,12000045362025,500049,Provisions,SB,1200004536,QAR,40,"161,000.00",Chilled water cost - Provision Revrsl for FEB 2025,200006,SUJITH.S,1
1200,10120004,FOXHILL D19 - (AJR4),31/03/2025,31/03/2025,03/04/2025,3,PROV-TELEPHONE,500049,Provisions,SB,1200004619,QAR,50,"-1,400.00",PROV FOR Telephone Expenses MAR 2025,200004,SIRAJ.M,1
1200,10120008,AL BARAHA TOWER,31/01/2025,31/03/2025,08/04/2025,3,PROV-Fixed Maint,500049,Provisions,SB,1200004683,QAR,40,"66,612.00",PROV FOR Fixed maint contract JAN 2025-REV,200009,AKRAM.J,1
1200,10120008,AL BARAHA TOWER,31/03/2025,31/03/2025,03/04/2025,3,PROV-CHILL WAT CA,500049,Provisions,SB,1200004589,QAR,50,"-70,000.00",PROV FOR Chilled Water Common Area MAR 2025,200006,SIRAJ.M,1
1200,10120002,FOXHILL N27 - (AJR2),31/03/2025,31/03/2025,03/04/2025,3,PROV-Fixed Maint,500049,Provisions,SB,1200004552,QAR,50,"-22,304.00",PROV FOR Fixed maint contract MAR 2025,200009,SIRAJ.M,1
1200,10120003,FOXHILL D16 - (AJR3),31/03/2025,31/03/2025,03/04/2025,3,PROV-Fixed Maint,500049,Provisions,SB,1200004553,QAR,50,"-21,975.00",PROV FOR Fixed maint contract MAR 2025,200009,SIRAJ.M,1
1200,10120008,AL BARAHA TOWER,31/03/2025,31/03/2025,03/04/2025,3,PROV-Fixed Maint,500049,Provisions,SB,1200004557,QAR,50,"-66,612.00",PROV FOR Fixed maint contract MAR 2025,200009,SIRAJ.M,1
1200,10120008,AL BARAHA TOWER,31/03/2025,31/03/2025,03/04/2025,3,PROV-TELEPHONE,500049,Provisions,SB,1200004628,QAR,50,"-3,400.00",PROV FOR Telephone Expenses MAR 2025,200004,SIRAJ.M,1
1200,10120010,AL SHAREEF HQ - F07,28/02/2025,31/03/2025,08/04/2025,3,PROV-TELEPHONE,500049,Provisions,SB,1200004695,QAR,40,"47,000.00",PROV FOR Telephone Expenses FEB 2025-REV,200004,AKRAM.J,1
1200,10120001,FOXHILL D23 - (AJR1),31/03/2025,31/03/2025,03/04/2025,3,PROV-Fixed Maint,500049,Provisions,SB,1200004644,QAR,50,"-22,304.00",PROV FOR Fixed maint contract MAR 2025,200009,SIRAJ.M,1
1200,10120005,AL JASRA TWIN TOWER,31/03/2025,31/03/2025,03/04/2025,3,PROV-CHILL WAT CA,500049,Provisions,SB,1200004585,QAR,50,"-161,000.00",PROV FOR Chilled Water Common Area MAR 2025,200006,SIRAJ.M,1
1200,10120010,AL SHAREEF HQ - F07,07/04/2025,07/04/2025,07/04/2025,4,Provision Reversal,500049,Provisions,SB,1200004647,QAR,40,"14,800.00",Electricity Charges - Provision Revrsl  - MAR 2025,200007,SUJITH.S,1
1200,10120008,AL BARAHA TOWER,31/03/2025,30/04/2025,07/05/2025,4,PROV-CHILL WAT CA,500049,Provisions,SB,1200004838,QAR,40,"70,000.00",PROV FOR Chilled Water Common Area MAR 2025 - REV,200006,AKRAM.J,1
1200,10120010,AL SHAREEF HQ - F07,30/04/2025,30/04/2025,04/05/2025,4,PROV-TELEPHONE,500049,Provisions,SB,1200004787,QAR,50,"-47,000.00",PROV FOR Telephone Expenses APR 2025,200004,SIRAJ.M,1
1200,10120002,FOXHILL N27 - (AJR2),30/04/2025,30/04/2025,04/05/2025,4,PROV-TELEPHONE,500049,Provisions,SB,1200004733,QAR,50,"-1,100.00",PROV FOR Telephone Expenses APR 2025,200004,SIRAJ.M,1
1200,10120004,FOXHILL D19 - (AJR4),30/04/2025,30/04/2025,04/05/2025,4,PROV-CHILL WAT CA,500049,Provisions,SB,1200004729,QAR,50,"-4,800.00",PROV FOR Chilled Water Common Area APR 2025,200006,SIRAJ.M,1
1200,10120001,FOXHILL D23 - (AJR1),30/04/2025,30/04/2025,04/05/2025,4,PROV-ELECT CA,500049,Provisions,SB,1200004760,QAR,50,"-14,000.00",PROV FOR Electricity (Common Area) APR 2025,200007,SIRAJ.M,1
1200,10120005,AL JASRA TWIN TOWER,31/01/2025,30/04/2025,07/05/2025,4,PROV-Fixed Maint,500049,Provisions,SB,1200004830,QAR,40,"79,803.00",PROV FOR Fixed maint contract JAN 2025 - REV,200009,AKRAM.J,1
1200,10120004,FOXHILL D19 - (AJR4),30/04/2025,30/04/2025,04/05/2025,4,PROV-TELEPHONE,500049,Provisions,SB,1200004768,QAR,50,"-1,400.00",PROV FOR Telephone Expenses APR 2025,200004,SIRAJ.M,1
1200,10120002,FOXHILL N27 - (AJR2),30/04/2025,30/04/2025,04/05/2025,4,PROV-ELECT CA,500049,Provisions,SB,1200004761,QAR,50,"-14,200.00",PROV FOR Electricity (Common Area) APR 2025,200007,SIRAJ.M,1
1200,10120010,AL SHAREEF HQ - F07,31/03/2025,30/04/2025,07/05/2025,4,PROV-CHILL WAT CA,500049,Provisions,SB,1200004846,QAR,40,"32,000.00",PROV FOR Chilled Water Common Area MAR 2025-REV,200006,AKRAM.J,1
1200,10120007,Al Khor 12 VILLAS,07/04/2025,07/04/2025,07/04/2025,4,Provision Reversal,500049,Provisions,SB,1200004648,QAR,40,"1,000.00",Electricity (CA) Provision Reversal - MAR 2025,200007,SUJITH.S,1
1200,10120005,AL JASRA TWIN TOWER,30/04/2025,30/04/2025,04/05/2025,4,PROV-Fixed Maint,500049,Provisions,SB,1200004704,QAR,50,"-79,803.00",PROV FOR Fixed maint contract APR 2025,200009,SIRAJ.M,1
1200,10120004,FOXHILL D19 - (AJR4),30/04/2025,30/04/2025,04/05/2025,4,PROV-Fixed Maint,500049,Provisions,SB,1200004703,QAR,50,"-21,975.00",PROV FOR Fixed maint contract APR 2025,200009,SIRAJ.M,1
1200,10120010,AL SHAREEF HQ - F07,30/04/2025,30/04/2025,04/05/2025,4,PROV-CHILL WAT CA,500049,Provisions,SB,1200004745,QAR,50,"-32,000.00",PROV FOR Chilled Water Common Area APR 2025,200006,SIRAJ.M,1
1200,10120010,AL SHAREEF HQ - F07,30/04/2025,30/04/2025,04/05/2025,4,PROV-Fixed Maint,500049,Provisions,SB,1200004707,QAR,50,"-53,615.00",PROV FOR Fixed maint contract APR 2025,200009,SIRAJ.M,1
1200,10120001,FOXHILL D23 - (AJR1),30/04/2025,30/04/2025,04/05/2025,4,PROV-Fixed Maint,500049,Provisions,SB,1200004793,QAR,50,"-22,304.00",PROV FOR Fixed maint contract APR 2025,200009,SIRAJ.M,1
1200,10120002,FOXHILL N27 - (AJR2),30/04/2025,30/04/2025,04/05/2025,4,PROV-Fixed Maint,500049,Provisions,SB,1200004701,QAR,50,"-22,304.00",PROV FOR Fixed maint contract APR 2025,200009,SIRAJ.M,1
1200,10120003,FOXHILL D16 - (AJR3),30/04/2025,30/04/2025,04/05/2025,4,PROV-TELEPHONE,500049,Provisions,SB,1200004759,QAR,50,"-1,050.00",PROV FOR Telephone Expenses APR 2025,200004,SIRAJ.M,1
1200,10120008,AL BARAHA TOWER,30/04/2025,30/04/2025,04/05/2025,4,PROV-ELECT CA,500049,Provisions,SB,1200004765,QAR,50,"-70,000.00",PROV FOR Electricity (Common Area) APR 2025,200007,SIRAJ.M,1
1200,10120002,FOXHILL N27 - (AJR2),31/01/2025,30/04/2025,07/05/2025,4,PROV-Fixed Maint,500049,Provisions,SB,1200004805,QAR,40,"22,304.00",PROV FOR Fixed maint contract JAN 2025 - REV,200009,AKRAM.J,1
1200,10120004,FOXHILL D19 - (AJR4),30/04/2025,30/04/2025,04/05/2025,4,PROV-ELECT CA,500049,Provisions,SB,1200004763,QAR,50,"-4,000.00",PROV FOR Electricity (Common Area) APR 2025,200007,SIRAJ.M,1
1200,10120002,FOXHILL N27 - (AJR2),31/03/2025,30/04/2025,07/05/2025,4,PROV-CHILL WAT CA,500049,Provisions,SB,1200004802,QAR,40,"5,000.00",PROV FOR Chilled Water Common Area MAR 2025-REV,200006,AKRAM.J,1
1200,10120003,FOXHILL D16 - (AJR3),30/04/2025,30/04/2025,04/05/2025,4,PROV-CHILL WAT CA,500049,Provisions,SB,1200004727,QAR,50,"-4,500.00",PROV FOR Chilled Water Common Area APR 2025,200006,SIRAJ.M,1
1200,10120004,FOXHILL D19 - (AJR4),31/03/2025,30/04/2025,07/05/2025,4,PROV-ELECT CA,500049,Provisions,SB,1200004820,QAR,40,"4,000.00",PROV FOR Electricity (Common Area) MAR 2025- REV,200007,AKRAM.J,1
1200,10120004,FOXHILL D19 - (AJR4),31/01/2025,30/04/2025,07/05/2025,4,PROV-Fixed Maint,500049,Provisions,SB,1200004822,QAR,40,"21,975.00",PROV FOR Fixed maint contract JAN 2025-REV,200009,AKRAM.J,1
1200,10120001,FOXHILL D23 - (AJR1),31/03/2025,30/04/2025,06/05/2025,4,PROV-ELECT CA,500049,Provisions,SB,1200004795,QAR,40,"14,000.00",PROV FOR Electricity (Common Area) MAR 2025 - REV,200007,AKRAM.J,1
1200,10120003,FOXHILL D16 - (AJR3),30/04/2025,30/04/2025,04/05/2025,4,PROV-ELECT CA,500049,Provisions,SB,1200004762,QAR,50,"-17,000.00",PROV FOR Electricity (Common Area) APR 2025,200007,SIRAJ.M,1
1200,10120001,FOXHILL D23 - (AJR1),31/03/2025,30/04/2025,06/05/2025,4,PROV-CHILL WAT CA,500049,Provisions,SB,1200004794,QAR,40,"8,000.00",PROV FOR Chilled Water Common Area MAR 2025 - REV,200006,AKRAM.J,1
1200,10120001,FOXHILL D23 - (AJR1),30/04/2025,30/04/2025,04/05/2025,4,PROV-CHILL WAT CA,500049,Provisions,SB,1200004721,QAR,50,"-8,000.00",PROV FOR Chilled Water Common Area APR 2025,200006,SIRAJ.M,1
1200,10120007,Al Khor 12 VILLAS,31/01/2025,30/04/2025,07/05/2025,4,PROV-Fixed Maint,500049,Provisions,SB,1200004836,QAR,40,"9,867.00",PROV FOR Fixed maint contract JAN 2025 - REV,200009,AKRAM.J,1
1200,10120003,FOXHILL D16 - (AJR3),31/01/2025,30/04/2025,07/05/2025,4,PROV-Fixed Maint,500049,Provisions,SB,1200004813,QAR,40,"21,975.00",PROV FOR Fixed maint contract JAN 2025 - REV,200009,AKRAM.J,1
1200,10120008,AL BARAHA TOWER,30/04/2025,30/04/2025,04/05/2025,4,PROV-TELEPHONE,500049,Provisions,SB,1200004777,QAR,50,"-3,400.00",PROV FOR Telephone Expenses APR 2025,200004,SIRAJ.M,1
1200,10120008,AL BARAHA TOWER,30/04/2025,30/04/2025,04/05/2025,4,PROV-CHILL WAT CA,500049,Provisions,SB,1200004738,QAR,50,"-70,000.00",PROV FOR Chilled Water Common Area APR 2025,200006,SIRAJ.M,1
1200,10120008,AL BARAHA TOWER,31/01/2025,30/04/2025,07/05/2025,4,PROV-TELEPHONE,500049,Provisions,SB,1200004844,QAR,40,"3,400.00",PROV FOR Telephone Expenses JAN 2025 - REV,200004,AKRAM.J,1
1200,10120002,FOXHILL N27 - (AJR2),31/03/2025,30/04/2025,07/05/2025,4,PROV-ELECT CA,500049,Provisions,SB,1200004803,QAR,40,"14,200.00",PROV FOR Electricity (Common Area) MAR 2025 - REV,200007,AKRAM.J,1
1200,10120001,FOXHILL D23 - (AJR1),30/04/2025,30/04/2025,04/05/2025,4,PROV-TELEPHONE,500049,Provisions,SB,1200004700,QAR,50,"-1,100.00",PROV FOR Telephone Expenses APR 2025,200004,SIRAJ.M,1
1200,10120003,FOXHILL D16 - (AJR3),28/02/2025,30/04/2025,07/05/2025,4,PROV-TELEPHONE,500049,Provisions,SB,1200004817,QAR,40,"1,050.00",PROV FOR Telephone Expenses FEB 2025 - REV,200004,AKRAM.J,1
1200,10120005,AL JASRA TWIN TOWER,31/03/2025,30/04/2025,07/05/2025,4,PROV-CHILL WAT CA,500049,Provisions,SB,1200004826,QAR,40,"161,000.00",PROV FOR Chilled Water Common Area MAR 2025 - REV,200006,AKRAM.J,1
1200,10120010,AL SHAREEF HQ - F07,30/04/2025,30/04/2025,04/05/2025,4,PROV-ELECT CA,500049,Provisions,SB,1200004766,QAR,50,"-14,800.00",PROV FOR Electricity (Common Area) APR 2025,200007,SIRAJ.M,1
1200,10120003,FOXHILL D16 - (AJR3),31/03/2025,30/04/2025,07/05/2025,4,PROV-CHILL WAT CA,500049,Provisions,SB,1200004810,QAR,40,"4,500.00",PROV FOR Chilled Water Common Area MAR 2025-REV,200006,AKRAM.J,1
1200,10120005,AL JASRA TWIN TOWER,30/04/2025,30/04/2025,04/05/2025,4,PROV-TELEPHONE,500049,Provisions,SB,1200004773,QAR,50,-150.00,PROV FOR Telephone Expenses APR 2025,200004,SIRAJ.M,1
1200,10120008,AL BARAHA TOWER,07/04/2025,07/04/2025,07/04/2025,4,Provision Reversal,500049,Provisions,SB,1200004646,QAR,40,"70,000.00",Electricity Charge - Provision Reversal - MAR 2025,200007,SUJITH.S,1
1200,10120001,FOXHILL D23 - (AJR1),31/01/2025,30/04/2025,06/05/2025,4,PROV-Fixed Maint,500049,Provisions,SB,1200004796,QAR,40,"22,304.00",PROV FOR Fixed maint contract JAN 2025 - REV,200009,AKRAM.J,1
1200,10120010,AL SHAREEF HQ - F07,31/01/2025,30/04/2025,08/05/2025,4,PROV-Fixed Maint,500049,Provisions,SB,1200004847,QAR,40,"53,615.00",PROV FOR Fixed maint contract Jan 2025 - REV,200009,AKRAM.J,1
1200,10120008,AL BARAHA TOWER,30/04/2025,30/04/2025,04/05/2025,4,PROV-Fixed Maint,500049,Provisions,SB,1200004706,QAR,50,"-66,612.00",PROV FOR Fixed maint contract APR 2025,200009,SIRAJ.M,1
1200,10120007,Al Khor 12 VILLAS,30/04/2025,30/04/2025,04/05/2025,4,PROV-Fixed Maint,500049,Provisions,SB,1200004705,QAR,50,"-9,867.00",PROV FOR Fixed maint contract APR 2025,200009,SIRAJ.M,1
1200,10120003,FOXHILL D16 - (AJR3),31/03/2025,30/04/2025,07/05/2025,4,PROV-ELECT CA,500049,Provisions,SB,1200004811,QAR,40,"17,000.00",PROV FOR Electricity (Common Area) MAR 2025 - REV,200007,AKRAM.J,1
1200,10120004,FOXHILL D19 - (AJR4),31/03/2025,30/04/2025,07/05/2025,4,PROV-CHILL WAT CA,500049,Provisions,SB,1200004819,QAR,40,"4,800.00",PROV FOR Chilled Water Common Area MAR 2025 - REV,200006,AKRAM.J,1
1200,10120003,FOXHILL D16 - (AJR3),30/04/2025,30/04/2025,04/05/2025,4,PROV-Fixed Maint,500049,Provisions,SB,1200004702,QAR,50,"-21,975.00",PROV FOR Fixed maint contract APR 2025,200009,SIRAJ.M,1
1200,10120007,Al Khor 12 VILLAS,30/04/2025,30/04/2025,04/05/2025,4,PROV-ELECT CA,500049,Provisions,SB,1200004764,QAR,50,"-1,000.00",PROV FOR Electricity (Common Area) APR 2025,200007,SIRAJ.M,1
1200,10120002,FOXHILL N27 - (AJR2),30/04/2025,30/04/2025,04/05/2025,4,PROV-CHILL WAT CA,500049,Provisions,SB,1200004726,QAR,50,"-5,000.00",PROV FOR Chilled Water Common Area APR 2025,200006,SIRAJ.M,1
1200,10120005,AL JASRA TWIN TOWER,30/04/2025,30/04/2025,04/05/2025,4,PROV-CHILL WAT CA,500049,Provisions,SB,1200004734,QAR,50,"-161,000.00",PROV FOR Chilled Water Common Area APR 2025,200006,SIRAJ.M,1
1200,10120003,FOXHILL D16 - (AJR3),31/03/2025,31/05/2025,03/06/2025,5,PROV-Fixed Maint,500049,Provisions,SB,1200004973,QAR,40,"21,975.00",PROV FOR Fixed maint contract MAR 2025,200009,HUSAIN.M,1
1200,10120003,FOXHILL D16 - (AJR3),31/05/2025,31/05/2025,26/05/2025,5,PROV-Fixed Maint,500049,Provisions,SB,1200004860,QAR,50,"-21,975.00",PROV FOR Fixed maint contract MAY 2025,200009,SIRAJ.M,1
1200,10120003,FOXHILL D16 - (AJR3),31/03/2025,31/05/2025,03/06/2025,5,PROV-TELEPHONE,500049,Provisions,SB,1200004976,QAR,40,"1,050.00",PROV FOR Telephone Expenses MAR 2025,200004,HUSAIN.M,1
1200,10120007,Al Khor 12 VILLAS,31/05/2025,31/05/2025,26/05/2025,5,PROV-Fixed Maint,500049,Provisions,SB,1200004863,QAR,50,"-9,867.00",PROV FOR Fixed maint contract MAY 2025,200009,SIRAJ.M,1
1200,10120008,AL BARAHA TOWER,31/05/2025,31/05/2025,26/05/2025,5,PROV-CHILL WAT CA,500049,Provisions,SB,1200004896,QAR,50,"-70,000.00",PROV FOR Chilled Water Common Area MAY 2025,200006,SIRAJ.M,1
1200,10120004,FOXHILL D19 - (AJR4),31/03/2025,31/05/2025,03/06/2025,5,PROV-Fixed Maint,500049,Provisions,SB,1200004982,QAR,40,"21,975.00",PROV FOR Fixed maint contract MAR 2025,200009,HUSAIN.M,1
1200,10120001,FOXHILL D23 - (AJR1),31/03/2025,31/05/2025,03/06/2025,5,PROV-Fixed Maint,500049,Provisions,SB,1200004955,QAR,40,"22,304.00",PROV FOR Fixed maint contract MAR 2025,200009,HUSAIN.M,1
1200,10120010,AL SHAREEF HQ - F07,30/04/2025,31/05/2025,04/06/2025,5,PROV-ELECT CA,500049,Provisions,SB,1200005040,QAR,40,"14,800.00",PROV FOR Electricity (Common Area) APR 2025,200007,HUSAIN.M,1
1200,10120005,AL JASRA TWIN TOWER,31/05/2025,31/05/2025,26/05/2025,5,PROV-Fixed Maint,500049,Provisions,SB,1200004862,QAR,50,"-79,803.00",PROV FOR Fixed maint contract MAY 2025,200009,SIRAJ.M,1
1200,10120010,AL SHAREEF HQ - F07,28/02/2025,31/05/2025,04/06/2025,5,PROV-Fixed Maint,500049,Provisions,SB,1200005041,QAR,40,"53,615.00",PROV FOR Fixed maint contract FEB 2025,200009,HUSAIN.M,1
1200,10120008,AL BARAHA TOWER,31/05/2025,31/05/2025,26/05/2025,5,PROV-ELECT CA,500049,Provisions,SB,1200004923,QAR,50,"-70,000.00",PROV FOR Electricity (Common Area) MAY 2025,200007,SIRAJ.M,1
1200,10120002,FOXHILL N27 - (AJR2),30/04/2025,31/05/2025,03/06/2025,5,PROV-CHILL WAT CA,500049,Provisions,SB,1200004960,QAR,40,"5,000.00",PROV FOR Chilled Water Common Area APR 2025,200006,HUSAIN.M,1
1200,10120008,AL BARAHA TOWER,31/03/2025,31/05/2025,04/06/2025,5,PROV-TELEPHONE,500049,Provisions,SB,1200005034,QAR,40,"3,400.00",PROV FOR Telephone Expenses MAR 2025,200004,HUSAIN.M,1
1200,10120002,FOXHILL N27 - (AJR2),30/04/2025,31/05/2025,03/06/2025,5,PROV-ELECT CA,500049,Provisions,SB,1200004961,QAR,40,"14,200.00",PROV FOR Electricity (Common Area) APR 2025,200007,HUSAIN.M,1
1200,10120002,FOXHILL N27 - (AJR2),31/03/2025,31/05/2025,03/06/2025,5,PROV-TELEPHONE,500049,Provisions,SB,1200004967,QAR,40,"1,100.00",PROV FOR Telephone Expenses MAR 2025,200004,HUSAIN.M,1
1200,10120005,AL JASRA TWIN TOWER,30/04/2025,31/05/2025,03/06/2025,5,PROV-TELEPHONE,500049,Provisions,SB,1200005006,QAR,40,150.00,PROV FOR Telephone Expenses APR 2025,200004,HUSAIN.M,1
1200,10120008,AL BARAHA TOWER,30/04/2025,31/05/2025,04/06/2025,5,PROV-ELECT CA,500049,Provisions,SB,1200005021,QAR,40,"70,000.00",PROV FOR Electricity (Common Area) APR 2025,200007,HUSAIN.M,1
1200,10120001,FOXHILL D23 - (AJR1),28/02/2025,31/05/2025,03/06/2025,5,PROV-Fixed Maint,500049,Provisions,SB,1200004954,QAR,40,"22,304.00",PROV FOR Fixed maint contract FEB 2025,200009,HUSAIN.M,1
1200,10120005,AL JASRA TWIN TOWER,31/03/2025,31/05/2025,03/06/2025,5,PROV-Fixed Maint,500049,Provisions,SB,1200005000,QAR,40,"79,803.00",PROV FOR Fixed maint contract MAR 2025,200009,HUSAIN.M,1
1200,10120004,FOXHILL D19 - (AJR4),30/04/2025,31/05/2025,03/06/2025,5,PROV-TELEPHONE,500049,Provisions,SB,1200004986,QAR,40,"1,400.00",PROV FOR Telephone Expenses MAR 2025,200004,HUSAIN.M,1
1200,10120004,FOXHILL D19 - (AJR4),28/02/2025,31/05/2025,03/06/2025,5,PROV-TELEPHONE,500049,Provisions,SB,1200004985,QAR,40,"1,400.00",PROV FOR Telephone Expenses FEB 2025,200004,HUSAIN.M,1
1200,10120005,AL JASRA TWIN TOWER,30/04/2025,31/05/2025,03/06/2025,5,PROV-CHILL WAT CA,500049,Provisions,SB,1200004991,QAR,40,"161,000.00",PROV FOR Chilled Water Common Area APR 2025,200006,HUSAIN.M,1
1200,10120001,FOXHILL D23 - (AJR1),31/05/2025,31/05/2025,26/05/2025,5,PROV-ELECT CA,500049,Provisions,SB,1200004918,QAR,50,"-14,000.00",PROV FOR Electricity (Common Area) MAY 2025,200007,SIRAJ.M,1
1200,10120001,FOXHILL D23 - (AJR1),31/03/2025,31/05/2025,03/06/2025,5,PROV-TELEPHONE,500049,Provisions,SB,1200004958,QAR,40,"1,100.00",PROV FOR Telephone Expenses MAR 2025,200004,HUSAIN.M,1
1200,10120004,FOXHILL D19 - (AJR4),30/04/2025,31/05/2025,03/06/2025,5,PROV-CHILL WAT CA,500049,Provisions,SB,1200004978,QAR,40,"4,800.00",PROV FOR Chilled Water Common Area APR 2025,200006,HUSAIN.M,1
1200,10120002,FOXHILL N27 - (AJR2),31/05/2025,31/05/2025,26/05/2025,5,PROV-CHILL WAT CA,500049,Provisions,SB,1200004884,QAR,50,"-5,000.00",PROV FOR Chilled Water Common Area MAY 2025,200006,SIRAJ.M,1
1200,10120005,AL JASRA TWIN TOWER,31/05/2025,31/05/2025,26/05/2025,5,PROV-CHILL WAT CA,500049,Provisions,SB,1200004892,QAR,50,"-161,000.00",PROV FOR Chilled Water Common Area MAY 2025,200006,SIRAJ.M,1
1200,10120005,AL JASRA TWIN TOWER,28/02/2025,31/05/2025,03/06/2025,5,PROV-Fixed Maint,500049,Provisions,SB,1200004999,QAR,40,"79,803.00",PROV FOR Fixed maint contract FEB 2025,200009,HUSAIN.M,1
1200,10120008,AL BARAHA TOWER,31/05/2025,31/05/2025,26/05/2025,5,PROV-Fixed Maint,500049,Provisions,SB,1200004864,QAR,50,"-66,612.00",PROV FOR Fixed maint contract MAY 2025,200009,SIRAJ.M,1
1200,10120003,FOXHILL D16 - (AJR3),30/04/2025,31/05/2025,03/06/2025,5,PROV-ELECT CA,500049,Provisions,SB,1200004970,QAR,40,"17,000.00",PROV FOR Electricity (Common Area) APR 2025,200007,HUSAIN.M,1
1200,10120008,AL BARAHA TOWER,28/02/2025,31/05/2025,04/06/2025,5,PROV-Fixed Maint,500049,Provisions,SB,1200005025,QAR,40,"66,612.00",PROV FOR Fixed maint contract FEB 2025,200009,HUSAIN.M,1
1200,10120010,AL SHAREEF HQ - F07,31/05/2025,31/05/2025,26/05/2025,5,PROV-ELECT CA,500049,Provisions,SB,1200004924,QAR,50,"-14,800.00",PROV FOR Electricity (Common Area) MAY 2025,200007,SIRAJ.M,1
1200,10120010,AL SHAREEF HQ - F07,31/05/2025,31/05/2025,26/05/2025,5,PROV-TELEPHONE,500049,Provisions,SB,1200004945,QAR,50,"-47,000.00",PROV FOR Telephone Expenses MAY 2025,200004,SIRAJ.M,1
1200,10120001,FOXHILL D23 - (AJR1),31/05/2025,31/05/2025,26/05/2025,5,PROV-Fixed Maint,500049,Provisions,SB,1200004951,QAR,50,"-22,304.00",PROV FOR Fixed maint contract MAY 2025,200009,SIRAJ.M,1
1200,10120008,AL BARAHA TOWER,31/03/2025,31/05/2025,04/06/2025,5,PROV-Fixed Maint,500049,Provisions,SB,1200005026,QAR,40,"66,612.00",PROV FOR Fixed maint contract MAR 2025,200009,HUSAIN.M,1
1200,10120007,Al Khor 12 VILLAS,31/03/2025,31/05/2025,03/06/2025,5,PROV-Fixed Maint,500049,Provisions,SB,1200005009,QAR,40,"9,867.00",PROV FOR Fixed maint contract MAR 2025,200009,HUSAIN.M,1
1200,10120001,FOXHILL D23 - (AJR1),30/04/2025,31/05/2025,03/06/2025,5,PROV-CHILL WAT CA,500049,Provisions,SB,1200004952,QAR,40,"8,000.00",PROV FOR Chilled Water Common Area APR 2025,200006,HUSAIN.M,1
1200,10120008,AL BARAHA TOWER,30/04/2025,31/05/2025,03/06/2025,5,PROV-CHILL WAT CA,500049,Provisions,SB,1200005011,QAR,40,"70,000.00",PROV FOR Chilled Water Common Area APR 2025,200006,HUSAIN.M,1
1200,10120003,FOXHILL D16 - (AJR3),31/05/2025,31/05/2025,26/05/2025,5,PROV-TELEPHONE,500049,Provisions,SB,1200004917,QAR,50,"-1,050.00",PROV FOR Telephone Expenses MAY 2025,200004,SIRAJ.M,1
1200,10120002,FOXHILL N27 - (AJR2),28/02/2025,31/05/2025,03/06/2025,5,PROV-Fixed Maint,500049,Provisions,SB,1200004963,QAR,40,"22,304.00",PROV FOR Fixed maint contract FEB 2025,200009,HUSAIN.M,1
1200,10120001,FOXHILL D23 - (AJR1),31/05/2025,31/05/2025,26/05/2025,5,PROV-TELEPHONE,500049,Provisions,SB,1200004858,QAR,50,"-1,100.00",PROV FOR Telephone Expenses MAY 2025,200004,SIRAJ.M,1
1200,10120004,FOXHILL D19 - (AJR4),28/02/2025,31/05/2025,03/06/2025,5,PROV-Fixed Maint,500049,Provisions,SB,1200004981,QAR,40,"21,975.00",PROV FOR Fixed maint contract FEB 2025,200009,HUSAIN.M,1
1200,10120003,FOXHILL D16 - (AJR3),31/05/2025,31/05/2025,26/05/2025,5,PROV-CHILL WAT CA,500049,Provisions,SB,1200004885,QAR,50,"-4,500.00",PROV FOR Chilled Water Common Area MAY 2025,200006,SIRAJ.M,1
1200,10120010,AL SHAREEF HQ - F07,31/05/2025,31/05/2025,26/05/2025,5,PROV-CHILL WAT CA,500049,Provisions,SB,1200004903,QAR,50,"-32,000.00",PROV FOR Chilled Water Common Area MAY 2025,200006,SIRAJ.M,1
1200,10120001,FOXHILL D23 - (AJR1),30/04/2025,31/05/2025,03/06/2025,5,PROV-ELECT CA,500049,Provisions,SB,1200004953,QAR,40,"14,000.00",PROV FOR Electricity (Common Area) APR 2025,200007,HUSAIN.M,1
1200,10120007,Al Khor 12 VILLAS,30/04/2025,31/05/2025,03/06/2025,5,PROV-ELECT CA,500049,Provisions,SB,1200005007,QAR,40,"1,000.00",PROV FOR Electricity (Common Area) APR 2025,200007,HUSAIN.M,1
1200,10120004,FOXHILL D19 - (AJR4),31/05/2025,31/05/2025,26/05/2025,5,PROV-TELEPHONE,500049,Provisions,SB,1200004926,QAR,50,"-1,400.00",PROV FOR Telephone Expenses MAY 2025,200004,SIRAJ.M,1
1200,10120002,FOXHILL N27 - (AJR2),31/05/2025,31/05/2025,26/05/2025,5,PROV-Fixed Maint,500049,Provisions,SB,1200004859,QAR,50,"-22,304.00",PROV FOR Fixed maint contract MAY 2025,200009,SIRAJ.M,1
1200,10120002,FOXHILL N27 - (AJR2),31/05/2025,31/05/2025,26/05/2025,5,PROV-ELECT CA,500049,Provisions,SB,1200004919,QAR,50,"-14,200.00",PROV FOR Electricity (Common Area) MAY 2025,200007,SIRAJ.M,1
1200,10120005,AL JASRA TWIN TOWER,31/05/2025,31/05/2025,26/05/2025,5,PROV-TELEPHONE,500049,Provisions,SB,1200004931,QAR,50,-150.00,PROV FOR Telephone Expenses MAY 2025,200004,SIRAJ.M,1
1200,10120010,AL SHAREEF HQ - F07,31/03/2025,31/05/2025,04/06/2025,5,PROV-TELEPHONE,500049,Provisions,SB,1200005050,QAR,40,"47,000.00",PROV FOR Telephone Expenses MAR 2025,200004,HUSAIN.M,1
1200,10120004,FOXHILL D19 - (AJR4),31/05/2025,31/05/2025,26/05/2025,5,PROV-Fixed Maint,500049,Provisions,SB,1200004861,QAR,50,"-21,975.00",PROV FOR Fixed maint contract MAY 2025,200009,SIRAJ.M,1
1200,10120001,FOXHILL D23 - (AJR1),31/05/2025,31/05/2025,26/05/2025,5,PROV-CHILL WAT CA,500049,Provisions,SB,1200004879,QAR,50,"-8,000.00",PROV FOR Chilled Water Common Area MAY 2025,200006,SIRAJ.M,1
1200,10120002,FOXHILL N27 - (AJR2),31/03/2025,31/05/2025,03/06/2025,5,PROV-Fixed Maint,500049,Provisions,SB,1200004964,QAR,40,"22,304.00",PROV FOR Fixed maint contract MAR 2025,200009,HUSAIN.M,1
1200,10120008,AL BARAHA TOWER,31/05/2025,31/05/2025,26/05/2025,5,PROV-TELEPHONE,500049,Provisions,SB,1200004935,QAR,50,"-3,400.00",PROV FOR Telephone Expenses MAY 2025,200004,SIRAJ.M,1
1200,10120003,FOXHILL D16 - (AJR3),28/02/2025,31/05/2025,03/06/2025,5,PROV-Fixed Maint,500049,Provisions,SB,1200004972,QAR,40,"21,975.00",PROV FOR Fixed maint contract FEB 2025,200009,HUSAIN.M,1
1200,10120010,AL SHAREEF HQ - F07,31/03/2025,31/05/2025,04/06/2025,5,PROV-Fixed Maint,500049,Provisions,SB,1200005042,QAR,40,"53,615.00",PROV FOR Fixed maint contract MAR 2025,200009,HUSAIN.M,1
1200,10120002,FOXHILL N27 - (AJR2),31/05/2025,31/05/2025,26/05/2025,5,PROV-TELEPHONE,500049,Provisions,SB,1200004891,QAR,50,"-1,100.00",PROV FOR Telephone Expenses MAY 2025,200004,SIRAJ.M,1
1200,10120010,AL SHAREEF HQ - F07,30/04/2025,31/05/2025,04/06/2025,5,PROV-CHILL WAT CA,500049,Provisions,SB,1200005037,QAR,40,"32,000.00",PROV FOR Chilled Water Common Area APR 2025,200006,HUSAIN.M,1
1200,10120004,FOXHILL D19 - (AJR4),31/05/2025,31/05/2025,26/05/2025,5,PROV-ELECT CA,500049,Provisions,SB,1200004921,QAR,50,"-4,000.00",PROV FOR Electricity (Common Area) MAY 2025,200007,SIRAJ.M,1
1200,10120003,FOXHILL D16 - (AJR3),30/04/2025,31/05/2025,03/06/2025,5,PROV-CHILL WAT CA,500049,Provisions,SB,1200004969,QAR,40,"4,500.00",PROV FOR Chilled Water Common Area APR 2025,200006,HUSAIN.M,1
1200,10120007,Al Khor 12 VILLAS,31/05/2025,31/05/2025,26/05/2025,5,PROV-ELECT CA,500049,Provisions,SB,1200004922,QAR,50,"-1,000.00",PROV FOR Electricity (Common Area) MAY 2025,200007,SIRAJ.M,1
1200,10120010,AL SHAREEF HQ - F07,31/05/2025,31/05/2025,26/05/2025,5,PROV-Fixed Maint,500049,Provisions,SB,1200004865,QAR,50,"-53,615.00",PROV FOR Fixed maint contract MAY 2025,200009,SIRAJ.M,1
1200,10120004,FOXHILL D19 - (AJR4),30/04/2025,31/05/2025,03/06/2025,5,PROV-ELECT CA,500049,Provisions,SB,1200004979,QAR,40,"4,000.00",PROV FOR Electricity (Common Area) APR 2025,200007,HUSAIN.M,1
1200,10120004,FOXHILL D19 - (AJR4),31/05/2025,31/05/2025,26/05/2025,5,PROV-CHILL WAT CA,500049,Provisions,SB,1200004887,QAR,50,"-4,800.00",PROV FOR Chilled Water Common Area MAY 2025,200006,SIRAJ.M,1
1200,10120007,Al Khor 12 VILLAS,28/02/2025,31/05/2025,03/06/2025,5,PROV-Fixed Maint,500049,Provisions,SB,1200005008,QAR,40,"9,867.00",PROV FOR Fixed maint contract FEB 2025,200009,HUSAIN.M,1
1200,10120003,FOXHILL D16 - (AJR3),31/05/2025,31/05/2025,26/05/2025,5,PROV-ELECT CA,500049,Provisions,SB,1200004920,QAR,50,"-17,000.00",PROV FOR Electricity (Common Area) MAY 2025,200007,SIRAJ.M,1
1200,10120008,AL BARAHA TOWER,30/04/2025,30/06/2025,07/07/2025,6,PROV-TELEPHONE,500049,Provisions,SB,1200005194,QAR,40,"3,400.00",PROV FOR Telephone Expenses APR25-REV,200004,AKRAM.J,1
1200,10120004,FOXHILL D19 - (AJR4),30/06/2025,30/06/2025,01/07/2025,6,PROV-CHILL WAT CA,500049,Provisions,SB,1200005079,QAR,50,"-4,800.00",PROV FOR Chilled Water Common Area JUNE 2025,200006,HUSAIN.M,1
1200,10120007,Al Khor 12 VILLAS,30/06/2025,30/06/2025,01/07/2025,6,PROV-Fixed Maint,500049,Provisions,SB,1200005057,QAR,50,"-9,867.00",PROV FOR Fixed maint contract JUNE 2025,200009,HUSAIN.M,1
1200,10120002,FOXHILL N27 - (AJR2),30/06/2025,30/06/2025,01/07/2025,6,PROV-ELECT CA,500049,Provisions,SB,1200005110,QAR,50,"-14,200.00",PROV FOR Electricity (Common Area) JUNE 2025,200007,HUSAIN.M,1
1200,10120002,FOXHILL N27 - (AJR2),30/06/2025,30/06/2025,01/07/2025,6,PROV-Fixed Maint,500049,Provisions,SB,1200005053,QAR,50,"-22,304.00",PROV FOR Fixed maint contract JUNE 2025,200009,HUSAIN.M,1
1200,10120003,FOXHILL D16 - (AJR3),30/06/2025,30/06/2025,01/07/2025,6,PROV-Fixed Maint,500049,Provisions,SB,1200005054,QAR,50,"-21,975.00",PROV FOR Fixed maint contract JUNE 2025,200009,HUSAIN.M,1
1200,10120007,Al Khor 12 VILLAS,31/05/2025,30/06/2025,06/07/2025,6,PROV-ELECT CA,500049,Provisions,SB,1200005183,QAR,40,"1,000.00",PROV FOR Electricity (Common Area) MAY25-REV,200007,AKRAM.J,1
1200,10120008,AL BARAHA TOWER,31/05/2025,30/06/2025,06/07/2025,6,PROV-CHILL WAT CA,500049,Provisions,SB,1200005187,QAR,40,"70,000.00",PROV FOR Chilled Water Common Area MAY25-REV,200006,AKRAM.J,1
1200,10120003,FOXHILL D16 - (AJR3),30/04/2025,30/06/2025,06/07/2025,6,PROV-Fixed Maint,500049,Provisions,SB,1200005163,QAR,40,"21,975.00",PROV FOR Fixed maint contract APR25 - REV,200009,AKRAM.J,1
1200,10120004,FOXHILL D19 - (AJR4),30/06/2025,30/06/2025,01/07/2025,6,PROV-Fixed Maint,500049,Provisions,SB,1200005055,QAR,50,"-21,975.00",PROV FOR Fixed maint contract JUNE 2025,200009,HUSAIN.M,1
1200,10120003,FOXHILL D16 - (AJR3),30/06/2025,30/06/2025,01/07/2025,6,PROV-ELECT CA,500049,Provisions,SB,1200005111,QAR,50,"-17,000.00",PROV FOR Electricity (Common Area) JUNE 2025,200007,HUSAIN.M,1
1200,10120010,AL SHAREEF HQ - F07,30/06/2025,30/06/2025,01/07/2025,6,PROV-ELECT CA,500049,Provisions,SB,1200005115,QAR,50,"-14,800.00",PROV FOR Electricity (Common Area) JUNE 2025,200007,HUSAIN.M,1
1200,10120004,FOXHILL D19 - (AJR4),30/04/2025,30/06/2025,06/07/2025,6,PROV-TELEPHONE,500049,Provisions,SB,1200005176,QAR,40,"1,400.00",PROV FOR Telephone Expenses APR25-REV,200004,AKRAM.J,1
1200,10120004,FOXHILL D19 - (AJR4),31/05/2025,30/06/2025,06/07/2025,6,PROV-CHILL WAT CA,500049,Provisions,SB,1200005170,QAR,40,"4,800.00",PROV FOR Chilled Water Common Area MAY25-REV,200006,AKRAM.J,1
1200,10120003,FOXHILL D16 - (AJR3),30/06/2025,30/06/2025,01/07/2025,6,PROV-CHILL WAT CA,500049,Provisions,SB,1200005077,QAR,50,"-4,500.00",PROV FOR Chilled Water Common Area JUNE 2025,200006,HUSAIN.M,1
1200,10120008,AL BARAHA TOWER,30/06/2025,30/06/2025,01/07/2025,6,PROV-TELEPHONE,500049,Provisions,SB,1200005125,QAR,50,"-3,400.00",PROV FOR Telephone Expenses JUNE 2025,200004,HUSAIN.M,1
1200,10120007,Al Khor 12 VILLAS,30/04/2025,30/06/2025,06/07/2025,6,PROV-Fixed Maint,500049,Provisions,SB,1200005184,QAR,40,"9,867.00",PROV FOR Fixed maint contract APR25-REV,200009,AKRAM.J,1
1200,10120005,AL JASRA TWIN TOWER,30/06/2025,30/06/2025,01/07/2025,6,PROV-Fixed Maint,500049,Provisions,SB,1200005056,QAR,50,"-79,803.00",PROV FOR Fixed maint contract JUNE 2025,200009,HUSAIN.M,1
1200,10120008,AL BARAHA TOWER,30/06/2025,30/06/2025,01/07/2025,6,PROV-CHILL WAT CA,500049,Provisions,SB,1200005088,QAR,50,"-70,000.00",PROV FOR Chilled Water Common Area JUNE 2025,200006,HUSAIN.M,1
1200,10120001,FOXHILL D23 - (AJR1),30/04/2025,30/06/2025,06/07/2025,6,PROV-TELEPHONE,500049,Provisions,SB,1200005157,QAR,40,"1,100.00",PROV FOR Telephone Expenses APR 2025 - REV,200004,AKRAM.J,1
1200,10120010,AL SHAREEF HQ - F07,31/05/2025,30/06/2025,07/07/2025,6,PROV-CHILL WAT CA,500049,Provisions,SB,1200005199,QAR,40,"32,000.00",PROV FOR Chilled Water Common Area MAY25-REV,200006,AKRAM.J,1
1200,10120004,FOXHILL D19 - (AJR4),30/06/2025,30/06/2025,01/07/2025,6,PROV-ELECT CA,500049,Provisions,SB,1200005112,QAR,50,"-4,000.00",PROV FOR Electricity (Common Area) JUNE 2025,200007,HUSAIN.M,1
1200,10120010,AL SHAREEF HQ - F07,30/06/2025,30/06/2025,01/07/2025,6,PROV-Fixed Maint,500049,Provisions,SB,1200005059,QAR,50,"-53,615.00",PROV FOR Fixed maint contract JUNE 2025,200009,HUSAIN.M,1
1200,10120010,AL SHAREEF HQ - F07,31/05/2025,30/06/2025,07/07/2025,6,PROV-ELECT CA,500049,Provisions,SB,1200005203,QAR,40,"14,800.00",PROV FOR Electricity (Common Area) MAY25-REV,200007,AKRAM.J,1
1200,10120008,AL BARAHA TOWER,30/04/2025,30/06/2025,07/07/2025,6,PROV-Fixed Maint,500049,Provisions,SB,1200005191,QAR,40,"66,612.00",PROV FOR Fixed maint contract APR25-REV,200009,AKRAM.J,1
1200,10120002,FOXHILL N27 - (AJR2),30/06/2025,30/06/2025,01/07/2025,6,PROV-CHILL WAT CA,500049,Provisions,SB,1200005076,QAR,50,"-5,000.00",PROV FOR Chilled Water Common Area JUNE 2025,200006,HUSAIN.M,1
1200,10120010,AL SHAREEF HQ - F07,30/06/2025,30/06/2025,01/07/2025,6,PROV-CHILL WAT CA,500049,Provisions,SB,1200005095,QAR,50,"-32,000.00",PROV FOR Chilled Water Common Area JUNE 2025,200006,HUSAIN.M,1
1200,10120005,AL JASRA TWIN TOWER,30/06/2025,30/06/2025,01/07/2025,6,PROV-TELEPHONE,500049,Provisions,SB,1200005122,QAR,50,-150.00,PROV FOR Telephone Expenses JUNE 2025,200004,HUSAIN.M,1
1200,10120002,FOXHILL N27 - (AJR2),30/06/2025,30/06/2025,01/07/2025,6,PROV-TELEPHONE,500049,Provisions,SB,1200005083,QAR,50,"-1,100.00",PROV FOR Telephone Expenses JUNE 2025,200004,HUSAIN.M,1
1200,10120008,AL BARAHA TOWER,30/06/2025,30/06/2025,01/07/2025,6,PROV-ELECT CA,500049,Provisions,SB,1200005114,QAR,50,"-70,000.00",PROV FOR Electricity (Common Area) JUNE 2025,200007,HUSAIN.M,1
1200,10120003,FOXHILL D16 - (AJR3),31/05/2025,30/06/2025,06/07/2025,6,PROV-CHILL WAT CA,500049,Provisions,SB,1200005162,QAR,40,"4,500.00",PROV FOR Chilled Water Common Area MAY25 - REV,200006,AKRAM.J,1
1200,10120008,AL BARAHA TOWER,30/06/2025,30/06/2025,01/07/2025,6,PROV-Fixed Maint,500049,Provisions,SB,1200005058,QAR,50,"-66,612.00",PROV FOR Fixed maint contract JUNE 2025,200009,HUSAIN.M,1
1200,10120004,FOXHILL D19 - (AJR4),30/06/2025,30/06/2025,01/07/2025,6,PROV-TELEPHONE,500049,Provisions,SB,1200005117,QAR,50,"-1,400.00",PROV FOR Telephone Expenses JUNE 2025,200004,HUSAIN.M,1
1200,10120004,FOXHILL D19 - (AJR4),30/04/2025,30/06/2025,06/07/2025,6,PROV-Fixed Maint,500049,Provisions,SB,1200005171,QAR,40,"21,975.00",PROV FOR Fixed maint contract APR 2025 - REV,200009,AKRAM.J,1
1200,10120008,AL BARAHA TOWER,31/05/2025,30/06/2025,07/07/2025,6,PROV-ELECT CA,500049,Provisions,SB,1200005190,QAR,40,"70,000.00",PROV FOR Electricity (Common Area) MAY25-REV,200007,AKRAM.J,1
1200,10120010,AL SHAREEF HQ - F07,30/06/2025,30/06/2025,01/07/2025,6,PROV-TELEPHONE,500049,Provisions,SB,1200005134,QAR,50,"-47,000.00",PROV FOR Telephone Expenses JUNE 2025,200004,HUSAIN.M,1
1200,10120005,AL JASRA TWIN TOWER,30/04/2025,30/06/2025,06/07/2025,6,PROV-Fixed Maint,500049,Provisions,SB,1200005180,QAR,40,"79,803.00",PROV FOR Fixed maint contract APR25-REV,200009,AKRAM.J,1
1200,10120001,FOXHILL D23 - (AJR1),30/04/2025,30/06/2025,06/07/2025,6,PROV-Fixed Maint,500049,Provisions,SB,1200005152,QAR,40,"22,304.00",PROV FOR Fixed maint contract APR25- REV,200009,AKRAM.J,1
1200,10120005,AL JASRA TWIN TOWER,31/05/2025,30/06/2025,06/07/2025,6,PROV-CHILL WAT CA,500049,Provisions,SB,1200005178,QAR,40,"161,000.00",PROV FOR Chilled Water Common Area MAY25-REV,200006,AKRAM.J,1
1200,10120005,AL JASRA TWIN TOWER,30/06/2025,30/06/2025,01/07/2025,6,PROV-CHILL WAT CA,500049,Provisions,SB,1200005084,QAR,50,"-161,000.00",PROV FOR Chilled Water Common Area JUNE 2025,200006,HUSAIN.M,1
1200,10120005,AL JASRA TWIN TOWER,31/05/2025,30/06/2025,07/07/2025,6,PROV-TELEPHONE,500049,Provisions,SB,1200005218,QAR,40,150.00,PROV FOR Telephone Expenses MAY 2025,200004,HUSAIN.M,1
1200,10120003,FOXHILL D16 - (AJR3),30/06/2025,30/06/2025,01/07/2025,6,PROV-TELEPHONE,500049,Provisions,SB,1200005109,QAR,50,"-1,050.00",PROV FOR Telephone Expenses JUNE 2025,200004,HUSAIN.M,1
1200,10120003,FOXHILL D16 - (AJR3),30/04/2025,30/06/2025,06/07/2025,6,PROV-TELEPHONE,500049,Provisions,SB,1200005168,QAR,40,"1,050.00",PROV FOR Telephone Expenses APR 2025 - REV,200004,AKRAM.J,1
1200,10120010,AL SHAREEF HQ - F07,30/04/2025,30/06/2025,07/07/2025,6,PROV-Fixed Maint,500049,Provisions,SB,1200005204,QAR,40,"53,615.00",PROV FOR Fixed maint contract APR25-REV,200009,AKRAM.J,1
1200,10120002,FOXHILL N27 - (AJR2),31/05/2025,30/06/2025,06/07/2025,6,PROV-CHILL WAT CA,500049,Provisions,SB,1200005141,QAR,40,"5,000.00",PROV FOR Chilled Water Common Area MAY2025-REV,200006,AKRAM.J,1
1200,10120010,AL SHAREEF HQ - F07,30/04/2025,30/06/2025,07/07/2025,6,PROV-TELEPHONE,500049,Provisions,SB,1200005213,QAR,40,"47,000.00",PROV FOR Telephone Expenses APR25-REV,200004,AKRAM.J,1
1200,10120007,Al Khor 12 VILLAS,30/06/2025,30/06/2025,01/07/2025,6,PROV-ELECT CA,500049,Provisions,SB,1200005113,QAR,50,"-1,000.00",PROV FOR Electricity (Common Area) JUNE 2025,200007,HUSAIN.M,1
1200,10120002,FOXHILL N27 - (AJR2),30/04/2025,30/06/2025,06/07/2025,6,PROV-TELEPHONE,500049,Provisions,SB,1200005149,QAR,40,"1,100.00",PROV FOR Telephone Expenses APR 2025 - REV,200004,AKRAM.J,1
1200,10120002,FOXHILL N27 - (AJR2),30/04/2025,30/06/2025,06/07/2025,6,PROV-Fixed Maint,500049,Provisions,SB,1200005142,QAR,40,"22,304.00",PROV FOR Fixed maint contract APR 2025 - REV,200009,AKRAM.J,1
1200,10120010,AL SHAREEF HQ - F07,31/07/2025,31/07/2025,29/07/2025,7,PROV-CHILL WAT CA,500049,Provisions,SB,1200005266,QAR,50,"-32,000.00",PROV FOR Chilled Water Common Area JULY 2025,200006,HUSAIN.M,1
1200,10120005,AL JASRA TWIN TOWER,31/07/2025,31/07/2025,29/07/2025,7,PROV-CHILL WAT CA,500049,Provisions,SB,1200005255,QAR,50,"-161,000.00",PROV FOR Chilled Water Common Area JULY 2025,200006,HUSAIN.M,1
1200,10120004,FOXHILL D19 - (AJR4),30/06/2025,31/07/2025,06/08/2025,7,PROV-TELEPHONE,500049,Provisions,SB,1200005335,QAR,40,"1,400.00",PROV FOR Telephone Expenses JUNE 2025 - REV,200004,AKRAM.J,1
1200,10120002,FOXHILL N27 - (AJR2),31/05/2025,31/07/2025,06/08/2025,7,PROV-TELEPHONE,500049,Provisions,SB,1200005317,QAR,40,"1,100.00",PROV FOR Telephone Expenses MAY 2025-REV,200004,AKRAM.J,1
1200,10120008,AL BARAHA TOWER,30/06/2025,31/07/2025,06/08/2025,7,PROV-TELEPHONE,500049,Provisions,SB,1200005362,QAR,40,"3,400.00",PROV FOR Telephone Expenses JUNE 2025 - REV,200004,AKRAM.J,1
1200,10120002,FOXHILL N27 - (AJR2),31/07/2025,31/07/2025,29/07/2025,7,PROV-Fixed Maint,500049,Provisions,SB,1200005224,QAR,50,"-22,304.00",PROV FOR Fixed maint contract JULY 2025,200009,HUSAIN.M,1
1200,10120010,AL SHAREEF HQ - F07,31/05/2025,31/07/2025,07/08/2025,7,PROV-Fixed Maint,500049,Provisions,SB,1200005369,QAR,40,"53,615.00",PROV FOR Fixed maint contract MAY 2025 - REV,200009,AKRAM.J,1
1200,10120005,AL JASRA TWIN TOWER,31/05/2025,31/07/2025,06/08/2025,7,PROV-TELEPHONE,500049,Provisions,SB,1200005344,QAR,40,150.00,PROV FOR Telephone Expenses JULY 2025 REV,200004,AKRAM.J,1
1200,10120007,Al Khor 12 VILLAS,30/06/2025,31/07/2025,06/08/2025,7,PROV-ELECT CA,500049,Provisions,SB,1200005346,QAR,40,"1,000.00",PROV FOR Electricity (Common Area) JUNE 2025 - REV,200007,AKRAM.J,1
1200,10120003,FOXHILL D16 - (AJR3),31/05/2025,31/07/2025,06/08/2025,7,PROV-ELECT CA,500049,Provisions,SB,1200005320,QAR,40,"17,000.00",PROV FOR Electricity (Common Area) MAY 2025 - REV,200007,AKRAM.J,1
1200,10120010,AL SHAREEF HQ - F07,31/05/2025,31/07/2025,07/08/2025,7,PROV-TELEPHONE,500049,Provisions,SB,1200005375,QAR,40,"47,000.00",PROV FOR Telephone Expenses MAY 2025 - REV,200004,AKRAM.J,1
1200,10120008,AL BARAHA TOWER,30/06/2025,31/07/2025,06/08/2025,7,PROV-ELECT CA,500049,Provisions,SB,1200005355,QAR,40,"70,000.00",PROV FOR Electricity (Common Area) JUNE 2025 - REV,200007,AKRAM.J,1
1200,10120007,Al Khor 12 VILLAS,31/05/2025,31/07/2025,06/08/2025,7,PROV-Fixed Maint,500049,Provisions,SB,1200005347,QAR,40,"9,867.00",PROV FOR Fixed maint contract MAY 2025 - REV,200009,AKRAM.J,1
1200,10120010,AL SHAREEF HQ - F07,30/06/2025,31/07/2025,07/08/2025,7,PROV-ELECT CA,500049,Provisions,SB,1200005368,QAR,40,"14,800.00",PROV FOR Electricity (Common Area) JUNE 2025 - REV,200007,AKRAM.J,1
1200,10120008,AL BARAHA TOWER,31/07/2025,31/07/2025,29/07/2025,7,PROV-ELECT CA,500049,Provisions,SB,1200005285,QAR,50,"-70,000.00",PROV FOR Electricity (Common Area) JULY 2025,200007,HUSAIN.M,1
1200,10120002,FOXHILL N27 - (AJR2),31/07/2025,31/07/2025,29/07/2025,7,PROV-ELECT CA,500049,Provisions,SB,1200005281,QAR,50,"-14,200.00",PROV FOR Electricity (Common Area) JULY 2025,200007,HUSAIN.M,1
1200,10120008,AL BARAHA TOWER,31/07/2025,31/07/2025,29/07/2025,7,PROV-Fixed Maint,500049,Provisions,SB,1200005229,QAR,50,"-66,612.00",PROV FOR Fixed maint contract JULY 2025,200009,HUSAIN.M,1
1200,10120004,FOXHILL D19 - (AJR4),30/06/2025,31/07/2025,06/08/2025,7,PROV-ELECT CA,500049,Provisions,SB,1200005329,QAR,40,"4,000.00",PROV FOR Electricity (Common Area) JUNE 2025 - REV,200007,AKRAM.J,1
1200,10120008,AL BARAHA TOWER,30/06/2025,31/07/2025,06/08/2025,7,PROV-CHILL WAT CA,500049,Provisions,SB,1200005351,QAR,40,"70,000.00",PROV FOR Chilled Water Common Area JUNE 2025-REV,200006,AKRAM.J,1
1200,10120008,AL BARAHA TOWER,31/05/2025,31/07/2025,06/08/2025,7,PROV-Fixed Maint,500049,Provisions,SB,1200005358,QAR,40,"66,612.00",PROV FOR Fixed maint contract MAY 2025 - REV,200009,AKRAM.J,1
1200,10120010,AL SHAREEF HQ - F07,31/07/2025,31/07/2025,29/07/2025,7,PROV-TELEPHONE,500049,Provisions,SB,1200005305,QAR,50,"-47,000.00",PROV FOR Telephone Expenses JULY 2025,200004,HUSAIN.M,1
1200,10120002,FOXHILL N27 - (AJR2),30/06/2025,31/07/2025,06/08/2025,7,PROV-ELECT CA,500049,Provisions,SB,1200005312,QAR,40,"14,200.00",PROV FOR Electricity (Common Area) JUNE 2025-REV,200007,AKRAM.J,1
1200,10120002,FOXHILL N27 - (AJR2),31/07/2025,31/07/2025,29/07/2025,7,PROV-TELEPHONE,500049,Provisions,SB,1200005254,QAR,50,"-1,100.00",PROV FOR Telephone Expenses JULY 2025,200004,HUSAIN.M,1
1200,10120003,FOXHILL D16 - (AJR3),31/05/2025,31/07/2025,06/08/2025,7,PROV-TELEPHONE,500049,Provisions,SB,1200005326,QAR,40,"1,050.00",PROV FOR Telephone Expenses MAY 2025-REV,200004,AKRAM.J,1
1200,10120002,FOXHILL N27 - (AJR2),31/05/2025,31/07/2025,06/08/2025,7,PROV-Fixed Maint,500049,Provisions,SB,1200005315,QAR,40,"22,304.00",PROV FOR Fixed maint contract MAY 2025 - REV,200009,AKRAM.J,1
1200,10120003,FOXHILL D16 - (AJR3),31/07/2025,31/07/2025,29/07/2025,7,PROV-ELECT CA,500049,Provisions,SB,1200005282,QAR,50,"-17,000.00",PROV FOR Electricity (Common Area) JULY 2025,200007,HUSAIN.M,1
1200,10120002,FOXHILL N27 - (AJR2),30/06/2025,31/07/2025,06/08/2025,7,PROV-TELEPHONE,500049,Provisions,SB,1200005318,QAR,40,"1,100.00",PROV FOR Telephone Expenses JUNE 2025 - REV,200004,AKRAM.J,1
1200,10120003,FOXHILL D16 - (AJR3),31/07/2025,31/07/2025,29/07/2025,7,PROV-TELEPHONE,500049,Provisions,SB,1200005280,QAR,50,"-1,050.00",PROV FOR Telephone Expenses JULY 2025,200004,HUSAIN.M,1
1200,10120005,AL JASRA TWIN TOWER,31/07/2025,31/07/2025,29/07/2025,7,PROV-TELEPHONE,500049,Provisions,SB,1200005293,QAR,50,-150.00,PROV FOR Telephone Expenses JULY 2025,200004,HUSAIN.M,1
1200,10120004,FOXHILL D19 - (AJR4),31/07/2025,31/07/2025,29/07/2025,7,PROV-TELEPHONE,500049,Provisions,SB,1200005288,QAR,50,"-1,400.00",PROV FOR Telephone Expenses JULY 2025,200004,HUSAIN.M,1
1200,10120005,AL JASRA TWIN TOWER,30/06/2025,31/07/2025,06/08/2025,7,PROV-TELEPHONE,500049,Provisions,SB,1200005345,QAR,40,150.00,PROV FOR Telephone Expenses JUNE 2025 - REV,200004,AKRAM.J,1
1200,10120007,Al Khor 12 VILLAS,31/07/2025,31/07/2025,29/07/2025,7,PROV-Fixed Maint,500049,Provisions,SB,1200005228,QAR,50,"-9,867.00",PROV FOR Fixed maint contract JULY 2025,200009,HUSAIN.M,1
1200,10120002,FOXHILL N27 - (AJR2),31/07/2025,31/07/2025,29/07/2025,7,PROV-CHILL WAT CA,500049,Provisions,SB,1200005247,QAR,50,"-5,000.00",PROV FOR Chilled Water Common Area JULY 2025,200006,HUSAIN.M,1
1200,10120004,FOXHILL D19 - (AJR4),31/07/2025,31/07/2025,29/07/2025,7,PROV-Fixed Maint,500049,Provisions,SB,1200005226,QAR,50,"-21,975.00",PROV FOR Fixed maint contract JULY 2025,200009,HUSAIN.M,1
1200,10120008,AL BARAHA TOWER,31/05/2025,31/07/2025,06/08/2025,7,PROV-TELEPHONE,500049,Provisions,SB,1200005361,QAR,40,"3,400.00",PROV FOR Telephone Expenses MAY 2025 - REV,200004,AKRAM.J,1
1200,10120010,AL SHAREEF HQ - F07,30/06/2025,31/07/2025,07/08/2025,7,PROV-CHILL WAT CA,500049,Provisions,SB,1200005366,QAR,40,"32,000.00",PROV FOR Chilled Water Common Area JUNE 2025 - REV,200006,AKRAM.J,1
1200,10120004,FOXHILL D19 - (AJR4),31/07/2025,31/07/2025,29/07/2025,7,PROV-CHILL WAT CA,500049,Provisions,SB,1200005250,QAR,50,"-4,800.00",PROV FOR Chilled Water Common Area JULY 2025,200006,HUSAIN.M,1
1200,10120008,AL BARAHA TOWER,31/07/2025,31/07/2025,29/07/2025,7,PROV-CHILL WAT CA,500049,Provisions,SB,1200005259,QAR,50,"-70,000.00",PROV FOR Chilled Water Common Area JULY 2025,200006,HUSAIN.M,1
1200,10120004,FOXHILL D19 - (AJR4),31/05/2025,31/07/2025,06/08/2025,7,PROV-TELEPHONE,500049,Provisions,SB,1200005334,QAR,40,"1,400.00",PROV FOR Telephone Expenses MAY 2025 - REV,200004,AKRAM.J,1
1200,10120003,FOXHILL D16 - (AJR3),30/06/2025,31/07/2025,06/08/2025,7,PROV-TELEPHONE,500049,Provisions,SB,1200005327,QAR,40,"1,050.00",PROV FOR Telephone Expenses JUNE 2025 - REV,200004,AKRAM.J,1
1200,10120010,AL SHAREEF HQ - F07,31/07/2025,31/07/2025,29/07/2025,7,PROV-ELECT CA,500049,Provisions,SB,1200005286,QAR,50,"-14,800.00",PROV FOR Electricity (Common Area) JULY 2025,200007,HUSAIN.M,1
1200,10120001,FOXHILL D23 - (AJR1),31/05/2025,31/07/2025,06/08/2025,7,PROV-Fixed Maint,500049,Provisions,SB,1200005319,QAR,40,"22,304.00",PROV FOR Fixed maint contract MAY 2025 - REV,200009,AKRAM.J,1
1200,10120002,FOXHILL N27 - (AJR2),31/05/2025,31/07/2025,06/08/2025,7,PROV-ELECT CA,500049,Provisions,SB,1200005311,QAR,40,"14,200.00",PROV FOR Electricity (Common Area) MAY 2025 -REV,200007,AKRAM.J,1
1200,10120003,FOXHILL D16 - (AJR3),31/05/2025,31/07/2025,06/08/2025,7,PROV-Fixed Maint,500049,Provisions,SB,1200005324,QAR,40,"21,975.00",PROV FOR Fixed maint contract MAY 2025 - REV,200009,AKRAM.J,1
1200,10120010,AL SHAREEF HQ - F07,30/06/2025,31/07/2025,07/08/2025,7,PROV-TELEPHONE,500049,Provisions,SB,1200005376,QAR,40,"47,000.00",PROV FOR Telephone Expenses JUNE 2025 - REV,200004,AKRAM.J,1
1200,10120004,FOXHILL D19 - (AJR4),31/07/2025,31/07/2025,29/07/2025,7,PROV-ELECT CA,500049,Provisions,SB,1200005283,QAR,50,"-4,000.00",PROV FOR Electricity (Common Area) JULY 2025,200007,HUSAIN.M,1
1200,10120003,FOXHILL D16 - (AJR3),30/06/2025,31/07/2025,06/08/2025,7,PROV-ELECT CA,500049,Provisions,SB,1200005321,QAR,40,"17,000.00",PROV FOR Electricity (Common Area) JUNE 2025 - Rev,200007,AKRAM.J,1
1200,10120003,FOXHILL D16 - (AJR3),31/07/2025,31/07/2025,29/07/2025,7,PROV-CHILL WAT CA,500049,Provisions,SB,1200005248,QAR,50,"-4,500.00",PROV FOR Chilled Water Common Area JULY 2025,200006,HUSAIN.M,1
1200,10120008,AL BARAHA TOWER,31/07/2025,31/07/2025,29/07/2025,7,PROV-TELEPHONE,500049,Provisions,SB,1200005296,QAR,50,"-3,400.00",PROV FOR Telephone Expenses JULY 2025,200004,HUSAIN.M,1
1200,10120005,AL JASRA TWIN TOWER,31/05/2025,31/07/2025,06/08/2025,7,PROV-Fixed Maint,500049,Provisions,SB,1200005341,QAR,40,"79,803.00",PROV FOR Fixed maint contract MAY 2025 - REV,200009,AKRAM.J,1
1200,10120003,FOXHILL D16 - (AJR3),31/07/2025,31/07/2025,29/07/2025,7,PROV-Fixed Maint,500049,Provisions,SB,1200005225,QAR,50,"-21,975.00",PROV FOR Fixed maint contract JULY 2025,200009,HUSAIN.M,1
1200,10120005,AL JASRA TWIN TOWER,30/06/2025,31/07/2025,06/08/2025,7,PROV-CHILL WAT CA,500049,Provisions,SB,1200005337,QAR,40,"161,000.00",PROV FOR Chilled Water Common Area JUNE 2025 - REV,200006,AKRAM.J,1
1200,10120007,Al Khor 12 VILLAS,31/07/2025,31/07/2025,29/07/2025,7,PROV-ELECT CA,500049,Provisions,SB,1200005284,QAR,50,"-1,000.00",PROV FOR Electricity (Common Area) JULY 2025,200007,HUSAIN.M,1
1200,10120004,FOXHILL D19 - (AJR4),31/05/2025,31/07/2025,06/08/2025,7,PROV-Fixed Maint,500049,Provisions,SB,1200005332,QAR,40,"21,975.00",PROV FOR Fixed maint contract MAY 2025 - REV,200009,AKRAM.J,1
1200,10120004,FOXHILL D19 - (AJR4),31/05/2025,31/07/2025,06/08/2025,7,PROV-ELECT CA,500049,Provisions,SB,1200005328,QAR,40,"4,000.00",PROV FOR Electricity (Common Area) MAY 2025 - REV,200007,AKRAM.J,1
1200,10120005,AL JASRA TWIN TOWER,31/07/2025,31/07/2025,29/07/2025,7,PROV-Fixed Maint,500049,Provisions,SB,1200005227,QAR,50,"-79,803.00",PROV FOR Fixed maint contract JULY 2025,200009,HUSAIN.M,1
1200,10120010,AL SHAREEF HQ - F07,31/07/2025,31/07/2025,29/07/2025,7,PROV-Fixed Maint,500049,Provisions,SB,1200005230,QAR,50,"-53,615.00",PROV FOR Fixed maint contract JULY 2025,200009,HUSAIN.M,1
1200,10120001,FOXHILL D23 - (AJR1),31/05/2025,31/08/2025,08/09/2025,8,PROV-ELECT CA,500049,Provisions,SB,1200005662,QAR,40,"14,000.00",PROV FOR Electricity (Common Area) MAY 2025-REV,200007,AKRAM.J,1
1200,10120010,AL SHAREEF HQ - F07,31/08/2025,31/08/2025,31/08/2025,8,PROV-TELEPHONE,500049,Provisions,SB,1200005468,QAR,50,"-47,000.00",PROV FOR Telephone Expenses AUG 2025,200004,HUSAIN.M,1
1200,10120007,Al Khor 12 VILLAS,30/06/2025,31/08/2025,04/09/2025,8,PROV-Fixed Maint,500049,Provisions,SB,1200005631,QAR,40,"9,867.00",PROV FOR Fixed maint contract JUNE 2025-REV,200009,AKRAM.J,1
1200,10120004,FOXHILL D19 - (AJR4),31/08/2025,31/08/2025,31/08/2025,8,PROV-Fixed Maint,500049,Provisions,SB,1200005389,QAR,50,"-21,975.00",PROV FOR Fixed maint contract AUG 2025,200009,HUSAIN.M,1
1200,10120002,FOXHILL N27 - (AJR2),31/08/2025,31/08/2025,31/08/2025,8,PROV-CHILL WAT CA,500049,Provisions,SB,1200005410,QAR,50,"-5,000.00",PROV FOR Chilled Water Common Area AUG 2025,200006,HUSAIN.M,1
1200,10120002,FOXHILL N27 - (AJR2),31/08/2025,31/08/2025,31/08/2025,8,PROV-Fixed Maint,500049,Provisions,SB,1200005387,QAR,50,"-22,304.00",PROV FOR Fixed maint contract AUG 2025,200009,HUSAIN.M,1
1200,10120008,AL BARAHA TOWER,31/07/2025,31/08/2025,07/09/2025,8,PROV-TELEPHONE,500049,Provisions,SB,1200005646,QAR,40,"3,400.00",PROV FOR Telephone Expenses JULY 2025-REV,200004,AKRAM.J,1
1200,10120004,FOXHILL D19 - (AJR4),31/07/2025,31/08/2025,04/09/2025,8,PROV-TELEPHONE,500049,Provisions,SB,1200005619,QAR,40,"1,400.00",PROV FOR Telephone Expenses JULY 2025-REV,200004,AKRAM.J,1
1200,10120001,FOXHILL D23 - (AJR1),31/05/2025,31/08/2025,08/09/2025,8,PROV-TELEPHONE,500049,Provisions,SB,1200005664,QAR,40,"1,100.00",PROV FOR Telephone Expenses MAY 2025-REV,200004,AKRAM.J,1
1200,10120003,FOXHILL D16 - (AJR3),31/08/2025,31/08/2025,31/08/2025,8,PROV-ELECT CA,500049,Provisions,SB,1200005445,QAR,50,"-17,000.00",PROV FOR Electricity (Common Area) AUG 2025,200007,HUSAIN.M,1
1200,10120008,AL BARAHA TOWER,30/06/2025,31/08/2025,07/09/2025,8,PROV-Fixed Maint,500049,Provisions,SB,1200005643,QAR,40,"66,612.00",PROV FOR Fixed maint contract JUNE 2025-REV,200009,AKRAM.J,1
1200,10120002,FOXHILL N27 - (AJR2),31/08/2025,31/08/2025,31/08/2025,8,PROV-TELEPHONE,500049,Provisions,SB,1200005417,QAR,50,"-1,100.00",PROV FOR Telephone Expenses AUG 2025,200004,HUSAIN.M,1
1200,10120004,FOXHILL D19 - (AJR4),30/06/2025,31/08/2025,04/09/2025,8,PROV-CHILL WAT CA,500049,Provisions,SB,1200005610,QAR,40,"4,800.00",PROV FOR Chilled Water Common Area JUNE 2025-REV,200006,AKRAM.J,1
1200,10120005,AL JASRA TWIN TOWER,31/08/2025,31/08/2025,31/08/2025,8,PROV-Fixed Maint,500049,Provisions,SB,1200005390,QAR,50,"-79,803.00",PROV FOR Fixed maint contract AUG 2025,200009,HUSAIN.M,1
1200,10120005,AL JASRA TWIN TOWER,30/06/2025,31/08/2025,04/09/2025,8,PROV-Fixed Maint,500049,Provisions,SB,1200005624,QAR,40,"79,803.00",PROV FOR Fixed maint contract JUNE 2025-REV,200009,AKRAM.J,1
1200,10120002,FOXHILL N27 - (AJR2),31/07/2025,31/08/2025,04/09/2025,8,PROV-TELEPHONE,500049,Provisions,SB,1200005594,QAR,40,"1,100.00",PROV FOR Telephone Expenses JULY 2025-REV,200004,AKRAM.J,1
1200,10120003,FOXHILL D16 - (AJR3),31/07/2025,31/08/2025,04/09/2025,8,PROV-ELECT CA,500049,Provisions,SB,1200005599,QAR,40,"17,000.00",PROV FOR Electricity (Common Area) JULY 2025-REV,200007,AKRAM.J,1
1200,10120010,AL SHAREEF HQ - F07,31/08/2025,31/08/2025,31/08/2025,8,PROV-CHILL WAT CA,500049,Provisions,SB,1200005429,QAR,50,"-32,000.00",PROV FOR Chilled Water Common Area AUG 2025,200006,HUSAIN.M,1
1200,10120008,AL BARAHA TOWER,31/08/2025,31/08/2025,31/08/2025,8,PROV-Fixed Maint,500049,Provisions,SB,1200005392,QAR,50,"-66,612.00",PROV FOR Fixed maint contract AUG 2025,200009,HUSAIN.M,1
1200,10120007,Al Khor 12 VILLAS,31/08/2025,31/08/2025,31/08/2025,8,PROV-ELECT CA,500049,Provisions,SB,1200005447,QAR,50,"-1,000.00",PROV FOR Electricity (Common Area) AUG 2025,200007,HUSAIN.M,1
1200,10120008,AL BARAHA TOWER,31/08/2025,31/08/2025,31/08/2025,8,PROV-TELEPHONE,500049,Provisions,SB,1200005459,QAR,50,"-3,400.00",PROV FOR Telephone Expenses AUG 2025,200004,HUSAIN.M,1
1200,10120007,Al Khor 12 VILLAS,31/08/2025,31/08/2025,31/08/2025,8,PROV-Fixed Maint,500049,Provisions,SB,1200005391,QAR,50,"-9,867.00",PROV FOR Fixed maint contract AUG 2025,200009,HUSAIN.M,1
1200,10120003,FOXHILL D16 - (AJR3),31/08/2025,31/08/2025,31/08/2025,8,PROV-Fixed Maint,500049,Provisions,SB,1200005388,QAR,50,"-21,975.00",PROV FOR Fixed maint contract AUG 2025,200009,HUSAIN.M,1
1200,10120003,FOXHILL D16 - (AJR3),30/06/2025,31/08/2025,04/09/2025,8,PROV-Fixed Maint,500049,Provisions,SB,1200005602,QAR,40,"21,975.00",PROV FOR Fixed maint contract JUNE 2025-REV,200009,AKRAM.J,1
1200,10120004,FOXHILL D19 - (AJR4),31/07/2025,31/08/2025,04/09/2025,8,PROV-CHILL WAT CA,500049,Provisions,SB,1200005611,QAR,40,"4,800.00",PROV FOR Chilled Water Common Area JULY 2025-REV,200006,AKRAM.J,1
1200,10120005,AL JASRA TWIN TOWER,31/07/2025,31/08/2025,04/09/2025,8,PROV-CHILL WAT CA,500049,Provisions,SB,1200005621,QAR,40,"161,000.00",PROV FOR Chilled Water Common Area JULY 2025-REV,200006,AKRAM.J,1
1200,10120003,FOXHILL D16 - (AJR3),31/08/2025,31/08/2025,31/08/2025,8,PROV-TELEPHONE,500049,Provisions,SB,1200005443,QAR,50,"-1,050.00",PROV FOR Telephone Expenses AUG 2025,200004,HUSAIN.M,1
1200,10120001,FOXHILL D23 - (AJR1),31/05/2025,31/08/2025,08/09/2025,8,PROV-CHILL WAT CA,500049,Provisions,SB,1200005661,QAR,40,"8,000.00",PROV FOR Chilled Water Common Area MAY 2025-REV,200006,AKRAM.J,1
1200,10120010,AL SHAREEF HQ - F07,31/08/2025,31/08/2025,31/08/2025,8,PROV-Fixed Maint,500049,Provisions,SB,1200005393,QAR,50,"-53,615.00",PROV FOR Fixed maint contract AUG 2025,200009,HUSAIN.M,1
1200,10120005,AL JASRA TWIN TOWER,31/08/2025,31/08/2025,31/08/2025,8,PROV-TELEPHONE,500049,Provisions,SB,1200005456,QAR,50,-150.00,PROV FOR Telephone Expenses AUG 2025,200004,HUSAIN.M,1
1200,10120002,FOXHILL N27 - (AJR2),30/06/2025,31/08/2025,04/09/2025,8,PROV-Fixed Maint,500049,Provisions,SB,1200005589,QAR,40,"22,304.00",PROV FOR Fixed maint contract JUNE 2025-REV,200009,AKRAM.J,1
1200,10120004,FOXHILL D19 - (AJR4),30/06/2025,31/08/2025,04/09/2025,8,PROV-Fixed Maint,500049,Provisions,SB,1200005614,QAR,40,"21,975.00",PROV FOR Fixed maint contract JUNE 2025-REV,200009,AKRAM.J,1
1200,10120008,AL BARAHA TOWER,31/08/2025,31/08/2025,31/08/2025,8,PROV-CHILL WAT CA,500049,Provisions,SB,1200005422,QAR,50,"-70,000.00",PROV FOR Chilled Water Common Area AUG 2025,200006,HUSAIN.M,1
1200,10120002,FOXHILL N27 - (AJR2),31/07/2025,31/08/2025,04/09/2025,8,PROV-ELECT CA,500049,Provisions,SB,1200005587,QAR,40,"14,200.00",PROV FOR Electricity (Common Area) JULY 2025-REV,200007,AKRAM.J,1
1200,10120002,FOXHILL N27 - (AJR2),31/07/2025,31/08/2025,04/09/2025,8,PROV-CHILL WAT CA,500049,Provisions,SB,1200005586,QAR,40,"5,000.00",PROV FOR Chilled Water Common Area JULY 2025- REV,200006,AKRAM.J,1
1200,10120010,AL SHAREEF HQ - F07,31/08/2025,31/08/2025,31/08/2025,8,PROV-ELECT CA,500049,Provisions,SB,1200005449,QAR,50,"-14,800.00",PROV FOR Electricity (Common Area) AUG 2025,200007,HUSAIN.M,1
1200,10120003,FOXHILL D16 - (AJR3),31/08/2025,31/08/2025,31/08/2025,8,PROV-CHILL WAT CA,500049,Provisions,SB,1200005411,QAR,50,"-4,500.00",PROV FOR Chilled Water Common Area AUG 2025,200006,HUSAIN.M,1
1200,10120010,AL SHAREEF HQ - F07,31/07/2025,31/08/2025,07/09/2025,8,PROV-ELECT CA,500049,Provisions,SB,1200005650,QAR,40,"14,800.00",PROV FOR Electricity (Common Area) JULY 2025-REV,200007,AKRAM.J,1
1200,10120005,AL JASRA TWIN TOWER,31/08/2025,31/08/2025,31/08/2025,8,PROV-CHILL WAT CA,500049,Provisions,SB,1200005418,QAR,50,"-161,000.00",PROV FOR Chilled Water Common Area AUG 2025,200006,HUSAIN.M,1
1200,10120010,AL SHAREEF HQ - F07,31/07/2025,31/08/2025,07/09/2025,8,PROV-TELEPHONE,500049,Provisions,SB,1200005659,QAR,40,"47,000.00",PROV FOR Telephone Expenses JULY 2025-REV,200004,AKRAM.J,1
1200,10120003,FOXHILL D16 - (AJR3),31/07/2025,31/08/2025,04/09/2025,8,PROV-CHILL WAT CA,500049,Provisions,SB,1200005598,QAR,40,"4,500.00",PROV FOR Chilled Water Common Area JULY 2025-REV,200006,AKRAM.J,1
1200,10120003,FOXHILL D16 - (AJR3),31/07/2025,31/08/2025,04/09/2025,8,PROV-TELEPHONE,500049,Provisions,SB,1200005607,QAR,40,"1,050.00",PROV FOR Telephone Expenses JULY 2025-REV,200004,AKRAM.J,1
1200,10120004,FOXHILL D19 - (AJR4),31/08/2025,31/08/2025,31/08/2025,8,PROV-ELECT CA,500049,Provisions,SB,1200005446,QAR,50,"-4,000.00",PROV FOR Electricity (Common Area) AUG 2025,200007,HUSAIN.M,1
1200,10120008,AL BARAHA TOWER,31/07/2025,31/08/2025,07/09/2025,8,PROV-CHILL WAT CA,500049,Provisions,SB,1200005639,QAR,40,"70,000.00",PROV FOR Chilled Water Common Area JULY 2025-REV,200006,AKRAM.J,1
1200,10120005,AL JASRA TWIN TOWER,31/08/2025,31/08/2025,04/09/2025,8,PROV-TELEPHONE,500049,Provisions,SB,1200005629,QAR,40,150.00,PROV FOR Telephone Expenses AUG 2025-REV,200004,AKRAM.J,1
1200,10120004,FOXHILL D19 - (AJR4),31/08/2025,31/08/2025,31/08/2025,8,PROV-CHILL WAT CA,500049,Provisions,SB,1200005413,QAR,50,"-4,800.00",PROV FOR Chilled Water Common Area AUG 2025,200006,HUSAIN.M,1
1200,10120008,AL BARAHA TOWER,31/07/2025,31/08/2025,07/09/2025,8,PROV-ELECT CA,500049,Provisions,SB,1200005642,QAR,40,"70,000.00",PROV FOR Electricity (Common Area) JULY 2025-REV,200007,AKRAM.J,1
1200,10120007,Al Khor 12 VILLAS,31/07/2025,31/08/2025,04/09/2025,8,PROV-ELECT CA,500049,Provisions,SB,1200005630,QAR,40,"1,000.00",PROV FOR Electricity (Common Area) JULY 2025-REV,200007,AKRAM.J,1
1200,10120010,AL SHAREEF HQ - F07,30/06/2025,31/08/2025,07/09/2025,8,PROV-Fixed Maint,500049,Provisions,SB,1200005651,QAR,40,"53,615.00",PROV FOR Fixed maint contract JUNE 2025-REV,200009,AKRAM.J,1
1200,10120010,AL SHAREEF HQ - F07,31/07/2025,31/08/2025,07/09/2025,8,PROV-CHILL WAT CA,500049,Provisions,SB,1200005648,QAR,40,"32,000.00",PROV FOR Chilled Water Common Area JULY 2025-REV,200006,AKRAM.J,1
1200,10120002,FOXHILL N27 - (AJR2),31/08/2025,31/08/2025,31/08/2025,8,PROV-ELECT CA,500049,Provisions,SB,1200005444,QAR,50,"-14,200.00",PROV FOR Electricity (Common Area) AUG 2025,200007,HUSAIN.M,1
1200,10120002,FOXHILL N27 - (AJR2),30/06/2025,31/08/2025,04/09/2025,8,PROV-CHILL WAT CA,500049,Provisions,SB,1200005585,QAR,40,"5,000.00",PROV FOR Chilled Water Common Area JUNE 2025-REV,200006,AKRAM.J,1
1200,10120004,FOXHILL D19 - (AJR4),31/07/2025,31/08/2025,04/09/2025,8,PROV-ELECT CA,500049,Provisions,SB,1200005612,QAR,40,"4,000.00",PROV FOR Electricity (Common Area) JULY 2025-REV,200007,AKRAM.J,1
1200,10120004,FOXHILL D19 - (AJR4),31/08/2025,31/08/2025,31/08/2025,8,PROV-TELEPHONE,500049,Provisions,SB,1200005451,QAR,50,"-1,400.00",PROV FOR Telephone Expenses AUG 2025,200004,HUSAIN.M,1
1200,10120008,AL BARAHA TOWER,31/08/2025,31/08/2025,31/08/2025,8,PROV-ELECT CA,500049,Provisions,SB,1200005448,QAR,50,"-70,000.00",PROV FOR Electricity (Common Area) AUG 2025,200007,HUSAIN.M,1
1200,10120003,FOXHILL D16 - (AJR3),30/06/2025,31/08/2025,04/09/2025,8,PROV-CHILL WAT CA,500049,Provisions,SB,1200005597,QAR,40,"4,500.00",PROV FOR Chilled Water Common Area JUNE 2025-REV,200006,AKRAM.J,1
1200,10120003,FOXHILL D16 - (AJR3),30/09/2025,30/09/2025,01/10/2025,9,PROV-TELEPHONE,500049,Provisions,SB,1200005874,QAR,50,"-1,050.00",PROV FOR Telephone Expenses SEPT 2025,200004,HUSAIN.M,1
1200,10120003,FOXHILL D16 - (AJR3),31/08/2025,30/09/2025,06/10/2025,9,PROV-CHILL WAT CA,500049,Provisions,SB,1200005918,QAR,40,"4,500.00",PROV FOR Chilled Water Common Area AUG 2025-REV,200006,AKRAM.J,1
1200,10120010,AL SHAREEF HQ - F07,30/09/2025,30/09/2025,01/10/2025,9,PROV-TELEPHONE,500049,Provisions,SB,1200005699,QAR,50,"-47,000.00",PROV FOR Telephone Expenses SEPT 2025,200004,HUSAIN.M,1
1200,10120004,FOXHILL D19 - (AJR4),30/09/2025,30/09/2025,01/10/2025,9,PROV-TELEPHONE,500049,Provisions,SB,1200005880,QAR,50,"-1,400.00",PROV FOR Telephone Expenses SEPT 2025,200004,HUSAIN.M,1
1200,10120003,FOXHILL D16 - (AJR3),31/07/2025,30/09/2025,06/10/2025,9,PROV-Fixed Maint,500049,Provisions,SB,1200005921,QAR,40,"21,975.00",PROV FOR Fixed maint contract JULY 2025-REV,200009,AKRAM.J,1
1200,10120010,AL SHAREEF HQ - F07,30/09/2025,30/09/2025,01/10/2025,9,PROV-CHILL WAT CA,500049,Provisions,SB,1200005757,QAR,50,"-32,000.00",PROV FOR Chilled Water Common Area SEPT 2025,200006,HUSAIN.M,1
1200,10120002,FOXHILL N27 - (AJR2),30/09/2025,30/09/2025,01/10/2025,9,PROV-ELECT CA,500049,Provisions,SB,1200005787,QAR,50,"-14,200.00",PROV FOR Electricity (Common Area) SEPT 2025,200007,HUSAIN.M,1
1200,10120002,FOXHILL N27 - (AJR2),30/09/2025,30/09/2025,01/10/2025,9,PROV-CHILL WAT CA,500049,Provisions,SB,1200005730,QAR,50,"-5,000.00",PROV FOR Chilled Water Common Area SEPT 2025,200006,HUSAIN.M,1
1200,10120008,AL BARAHA TOWER,30/09/2025,30/09/2025,01/10/2025,9,PROV-Fixed Maint,500049,Provisions,SB,1200005872,QAR,50,"-66,611.00",PROV FOR Fixed maint contract SEPT 2025,200009,HUSAIN.M,1
1200,10120005,AL JASRA TWIN TOWER,30/09/2025,30/09/2025,06/10/2025,9,PROV-TELEPHONE,500049,Provisions,SB,1200005963,QAR,40,150.00,PROV FOR Telephone Expenses SEPT 2025-REV,200004,AKRAM.J,1
1200,10120005,AL JASRA TWIN TOWER,30/09/2025,30/09/2025,01/10/2025,9,PROV-CHILL WAT CA,500049,Provisions,SB,1200005749,QAR,50,"-161,000.00",PROV FOR Chilled Water Common Area SEPT 2025,200006,HUSAIN.M,1
1200,10120010,AL SHAREEF HQ - F07,31/07/2025,30/09/2025,07/10/2025,9,PROV-Fixed Maint,500049,Provisions,SB,1200006003,QAR,40,"53,615.00",PROV FOR Fixed maint contract JULY 2025-REV,200009,AKRAM.J,1
1200,10120005,AL JASRA TWIN TOWER,31/07/2025,30/09/2025,06/10/2025,9,PROV-Fixed Maint,500049,Provisions,SB,1200005953,QAR,40,"79,803.00",PROV FOR Fixed maint contract JULY 2025-REV,200009,AKRAM.J,1
1200,10120004,FOXHILL D19 - (AJR4),31/08/2025,30/09/2025,06/10/2025,9,PROV-CHILL WAT CA,500049,Provisions,SB,1200005933,QAR,40,"4,800.00",PROV FOR Chilled Water Common Area AUG 2025-REV,200006,AKRAM.J,1
1200,10120004,FOXHILL D19 - (AJR4),31/07/2025,30/09/2025,06/10/2025,9,PROV-Fixed Maint,500049,Provisions,SB,1200005936,QAR,40,"21,975.00",PROV FOR Fixed maint contract JULY 2025-REV,200009,AKRAM.J,1
1200,10120007,Al Khor 12 VILLAS,30/09/2025,30/09/2025,01/10/2025,9,PROV-ELECT CA,500049,Provisions,SB,1200005804,QAR,50,"-1,000.00",PROV FOR Electricity (Common Area) SEPT 2025,200007,HUSAIN.M,1
1200,10120003,FOXHILL D16 - (AJR3),30/09/2025,30/09/2025,01/10/2025,9,PROV-ELECT CA,500049,Provisions,SB,1200005794,QAR,50,"-17,000.00",PROV FOR Electricity (Common Area) SEPT 2025,200007,HUSAIN.M,1
1200,10120004,FOXHILL D19 - (AJR4),30/09/2025,30/09/2025,01/10/2025,9,PROV-ELECT CA,500049,Provisions,SB,1200005800,QAR,50,"-4,000.00",PROV FOR Electricity (Common Area) SEPT 2025,200007,HUSAIN.M,1
1200,10120008,AL BARAHA TOWER,30/09/2025,30/09/2025,01/10/2025,9,PROV-CHILL WAT CA,500049,Provisions,SB,1200005755,QAR,50,"-70,000.00",PROV FOR Chilled Water Common Area SEPT 2025,200006,HUSAIN.M,1
1200,10120007,Al Khor 12 VILLAS,31/08/2025,30/09/2025,06/10/2025,9,PROV-ELECT CA,500049,Provisions,SB,1200005965,QAR,40,"1,000.00",PROV FOR Electricity (Common Area) AUG 2025-REV,200007,AKRAM.J,1
1200,10120010,AL SHAREEF HQ - F07,31/08/2025,30/09/2025,07/10/2025,9,PROV-CHILL WAT CA,500049,Provisions,SB,1200005998,QAR,40,"32,000.00",PROV FOR Chilled Water Common Area AUG 2025-REV,200006,AKRAM.J,1
1200,10120002,FOXHILL N27 - (AJR2),31/08/2025,30/09/2025,06/10/2025,9,PROV-ELECT CA,500049,Provisions,SB,1200005905,QAR,40,"14,200.00",PROV FOR Electricity (Common Area) AUG 2025-REV,200007,AKRAM.J,1
1200,10120007,Al Khor 12 VILLAS,31/07/2025,30/09/2025,06/10/2025,9,PROV-Fixed Maint,500049,Provisions,SB,1200005966,QAR,40,"9,867.00",PROV FOR Fixed maint contract JULY 2025-REV,200009,AKRAM.J,1
1200,10120003,FOXHILL D16 - (AJR3),30/09/2025,30/09/2025,01/10/2025,9,PROV-Fixed Maint,500049,Provisions,SB,1200005868,QAR,50,"-21,975.00",PROV FOR Fixed maint contract SEPT 2025,200009,HUSAIN.M,1
1200,10120008,AL BARAHA TOWER,31/07/2025,30/09/2025,06/10/2025,9,PROV-Fixed Maint,500049,Provisions,SB,1200005978,QAR,40,"66,612.00",PROV FOR Fixed maint contract JULY 2025-REV,200009,AKRAM.J,1
1200,10120005,AL JASRA TWIN TOWER,31/08/2025,30/09/2025,06/10/2025,9,PROV-CHILL WAT CA,500049,Provisions,SB,1200005950,QAR,40,"161,000.00",PROV FOR Chilled Water Common Area AUG 2025-REV,200006,AKRAM.J,1
1200,10120008,AL BARAHA TOWER,31/08/2025,30/09/2025,06/10/2025,9,PROV-CHILL WAT CA,500049,Provisions,SB,1200005971,QAR,40,"70,000.00",PROV FOR Chilled Water Common Area AUG 2025-REV,200006,AKRAM.J,1
1200,10120002,FOXHILL N27 - (AJR2),31/07/2025,30/09/2025,06/10/2025,9,PROV-Fixed Maint,500049,Provisions,SB,1200005907,QAR,40,"22,304.00",PROV FOR Fixed maint contract JULY 2025-REV,200009,AKRAM.J,1
1200,10120007,Al Khor 12 VILLAS,30/09/2025,30/09/2025,01/10/2025,9,PROV-Fixed Maint,500049,Provisions,SB,1200005871,QAR,50,"-9,867.00",PROV FOR Fixed maint contract SEPT 2025,200009,HUSAIN.M,1
1200,10120008,AL BARAHA TOWER,30/09/2025,30/09/2025,01/10/2025,9,PROV-ELECT CA,500049,Provisions,SB,1200005810,QAR,50,"-70,000.00",PROV FOR Electricity (Common Area) SEPT 2025,200007,HUSAIN.M,1
1200,10120002,FOXHILL N27 - (AJR2),31/08/2025,30/09/2025,06/10/2025,9,PROV-CHILL WAT CA,500049,Provisions,SB,1200005904,QAR,40,"5,000.00",PROV FOR Chilled Water Common Area AUG 2025-REV,200006,AKRAM.J,1
1200,10120010,AL SHAREEF HQ - F07,30/09/2025,30/09/2025,01/10/2025,9,PROV-ELECT CA,500049,Provisions,SB,1200005816,QAR,50,"-14,800.00",PROV FOR Electricity (Common Area) SEPT 2025,200007,HUSAIN.M,1
1200,10120004,FOXHILL D19 - (AJR4),30/09/2025,30/09/2025,01/10/2025,9,PROV-Fixed Maint,500049,Provisions,SB,1200005869,QAR,50,"-21,975.00",PROV FOR Fixed maint contract SEPT 2025,200009,HUSAIN.M,1
1200,10120003,FOXHILL D16 - (AJR3),31/08/2025,30/09/2025,06/10/2025,9,PROV-ELECT CA,500049,Provisions,SB,1200005919,QAR,40,"17,000.00",PROV FOR Electricity (Common Area) AUG 2025-REV,200007,AKRAM.J,1
1200,10120002,FOXHILL N27 - (AJR2),30/09/2025,30/09/2025,01/10/2025,9,PROV-TELEPHONE,500049,Provisions,SB,1200005866,QAR,50,"-1,100.00",PROV FOR Telephone Expenses SEPT 2025,200004,HUSAIN.M,1
1200,10120010,AL SHAREEF HQ - F07,30/09/2025,30/09/2025,01/10/2025,9,PROV-Fixed Maint,500049,Provisions,SB,1200005873,QAR,50,"-53,614.00",PROV FOR Fixed maint contract SEPT 2025,200009,HUSAIN.M,1
1200,10120002,FOXHILL N27 - (AJR2),30/09/2025,30/09/2025,01/10/2025,9,PROV-Fixed Maint,500049,Provisions,SB,1200005867,QAR,50,"-22,303.00",PROV FOR Fixed maint contract SEPT 2025,200009,HUSAIN.M,1
1200,10120005,AL JASRA TWIN TOWER,30/09/2025,30/09/2025,01/10/2025,9,PROV-Fixed Maint,500049,Provisions,SB,1200005870,QAR,50,"-79,802.00",PROV FOR Fixed maint contract SEPT 2025,200009,HUSAIN.M,1
1200,10120005,AL JASRA TWIN TOWER,30/09/2025,30/09/2025,01/10/2025,9,PROV-TELEPHONE,500049,Provisions,SB,1200005884,QAR,50,-150.00,PROV FOR Telephone Expenses SEPT 2025,200004,HUSAIN.M,1
1200,10120008,AL BARAHA TOWER,31/08/2025,30/09/2025,06/10/2025,9,PROV-ELECT CA,500049,Provisions,SB,1200005976,QAR,40,"70,000.00",PROV FOR Electricity (Common Area) AUG 2025-REV,200007,AKRAM.J,1
1200,10120010,AL SHAREEF HQ - F07,31/08/2025,30/09/2025,07/10/2025,9,PROV-ELECT CA,500049,Provisions,SB,1200006001,QAR,40,"14,800.00",PROV FOR Electricity (Common Area) AUG 2025-REV,200007,AKRAM.J,1
1200,10120004,FOXHILL D19 - (AJR4),30/09/2025,30/09/2025,01/10/2025,9,PROV-CHILL WAT CA,500049,Provisions,SB,1200005743,QAR,50,"-4,800.00",PROV FOR Chilled Water Common Area SEPT 2025,200006,HUSAIN.M,1
1200,10120003,FOXHILL D16 - (AJR3),30/09/2025,30/09/2025,01/10/2025,9,PROV-CHILL WAT CA,500049,Provisions,SB,1200005736,QAR,50,"-4,500.00",PROV FOR Chilled Water Common Area SEPT 2025,200006,HUSAIN.M,1
1200,10120008,AL BARAHA TOWER,30/09/2025,30/09/2025,01/10/2025,9,PROV-TELEPHONE,500049,Provisions,SB,1200005890,QAR,50,"-3,400.00",PROV FOR Telephone Expenses SEPT 2025,200004,HUSAIN.M,1
